,surfaceome_genes
0,SULT1A1
1,UBASH3B
2,SRD5A3
3,SULT2A1
4,SRD5A2
5,SULT1E1
6,CYP21A2
7,SRD5A1
8,HTR3E
9,COL6A6
10,COL6A5
11,CCL3L1
12,KLRF2
13,HLA-A
14,HLA-B
15,HLA-C
16,IFNA1
17,ERVH48-1
18,FZD9
19,CCL24
20,LGALS9
21,TNFRSF10A
22,CORT
23,BMPR1B
24,SIRPB1
25,AGRP
26,LEFTY2
27,TULP1
28,TNFRSF11B
29,CCRL2
30,GFRA2
31,AGRN
32,DLL1
33,CXCR6
34,RNASET2
35,CCL21
36,ACKR2
37,PODXL
38,CCL22
39,WNT7A
40,NRG2
41,CXCL11
42,PTGES
43,HSD17B6
44,TNFRSF10B
45,NRP1
46,TNFSF11
47,MSTN
48,TNFRSF10C
49,TNFRSF13B
50,WNT9A
51,WNT9B
52,NCR3
53,EREG
54,PLXNB2
55,SEMA3E
56,ANGPT2
57,MUSK
58,EPHB6
59,GPR37
60,CCL25
61,CCL16
62,FGF10
63,CYP27B1
64,PLXNB1
65,MLNR
66,DHH
67,TNFSF12
68,GNRH2
69,TNFSF14
70,GALR2
71,HCRT
72,HCRTR1
73,HCRTR2
74,TYROBP
75,VEGFD
76,EFNA2
77,CXCL13
78,FGF17
79,FZD6
80,GDF9
81,NRP2
82,DSCAM
83,PLXNC1
84,CUBN
85,PSPN
86,GFRA3
87,GALR3
88,GPR37L1
89,RAMP1
90,RAMP2
91,RAMP3
92,PLXNA2
93,FZD7
94,SLIT1
95,LRP4
96,ICOSLG
97,LRP5
98,SEMA7A
99,NR1I2
100,LGR5
101,TNFRSF21
102,ITGA10
103,LRP6
104,LEFTY1
105,ATP6AP2
106,TNFSF13
107,ALDH1A2
108,SLIT2
109,DKK1
110,S1PR2
111,TNFSF15
112,UNC5C
113,IL18RAP
114,HTR3B
115,GDF11
116,BMP10
117,UTS2
118,TNFRSF6B
119,ABCA1
120,NTN1
121,CXCL14
122,CRTAM
123,FGF19
124,IL33
125,GPR75
126,CER1
127,GLP2R
128,CD160
129,BMP15
130,WNT11
131,ALDH1A1
132,EGFR
133,F2
134,F10
135,PLG
136,PLAU
137,REN
138,AGT
139,C3
140,C5
141,KNG1
142,PDGFB
143,EGF
144,TGFA
145,TGFB1
146,NGF
147,GNRH1
148,NPPA
149,OXT
150,AVP
151,POMC
152,PENK
153,PDYN
154,CGA
155,TSHB
156,FSHB
157,LHB
158,PRL
159,GH1
160,GH2
161,CALCA
162,TG
163,PTH
164,GCG
165,VIP
166,GHRH
167,INS
168,IGF2
169,GAST
170,LTA
171,TNF
172,IFNA2
173,IFNA10
174,IFNA7
175,IFNA21
176,IFNA5
177,IFNA14
178,IFNA17
179,IFNB1
180,IFNG
181,IL1A
182,IL1B
183,EPO
184,IL2RA
185,CD8A
186,COL1A1
187,COL2A1
188,COL3A1
189,COL4A1
190,APOA1
191,APOE
192,APOA2
193,FGA
194,FGB
195,FGG
196,CHRNA1
197,FN1
198,RBP4
199,ALB
200,PPBP
201,PF4
202,CXCL10
203,TFRC
204,TF
205,FTL
206,FTH1
207,ESR1
208,AMH
209,VTN
210,PROC
211,ANXA1
212,PDGFA
213,RLN2
214,APOB
215,CSF2
216,NR3C1
217,THY1
218,CD74
219,VWF
220,ERBB2
221,WNT1
222,NTRK1
223,IFNW1
224,IFNA6
225,IFNA4
226,IFNA16
227,IGF1
228,APP
229,CYP17A1
230,ITGB3
231,ITGB2
232,CYP11A1
233,INHA
234,IL4
235,IL5
236,FGF1
237,IL6
238,ICAM1
239,ITGB1
240,COL5A2
241,INSR
242,LCK
243,CCK
244,PGR
245,CD2
246,CEACAM5
247,FCER2
248,ITGAV
249,CRH
250,TPO
251,THBD
252,P4HB
253,CSF1R
254,GP1BA
255,GRP
256,ADRB2
257,PSAP
258,RET
259,THBS1
260,IGF1R
261,COL1A2
262,NGFR
263,CHRM2
264,CHRM4
265,CD55
266,NR3C2
267,MMP2
268,INHBA
269,ITGA2B
270,COL4A2
271,PTPRC
272,MET
273,ADRB1
274,FGF4
275,ITGA5
276,CYP3A4
277,IL3
278,IL6R
279,HTR1A
280,CHRM5
281,ADRA2A
282,NMB
283,FGF2
284,DBH
285,CD48
286,CXCL1
287,INHBB
288,WNT2
289,CSF1
290,PDGFRB
291,GIP
292,SCT
293,ALOX5
294,CSF3
295,LTA4H
296,C4A
297,NPS
298,CFC1
299,SAA1
300,APELA
301,ADORA3
302,CALCB
303,FDX1
304,CXCL8
305,CCL3
306,AR
307,RARA
308,SPP1
309,TGFB3
310,KIT
311,CD28
312,FGF6
313,RARB
314,THRA
315,THRB
316,CLU
317,GHR
318,CD8B
319,IAPP
320,LAMC1
321,PNMT
322,ITGAM
323,CHRM1
324,BCR
325,FGFR1
326,VDR
327,FGF3
328,CYP19A1
329,IGF2R
330,FGF5
331,COL11A1
332,COL6A1
333,COL6A2
334,COL6A3
335,PTHLH
336,BMP2
337,BMP4
338,CDH1
339,MLN
340,GP1BB
341,IL7
342,CCL4
343,TDGF1
344,CCL2
345,CCL5
346,NCAM1
347,ICAM2
348,ITGA4
349,RARG
350,CEACAM1
351,OSM
352,HLA-E
353,COL11A2
354,ADRB3
355,HSD3B1
356,HSD17B1
357,SELL
358,CD99
359,HGF
360,DRD2
361,PLA2G2A
362,TYR
363,IL1R1
364,IL2RB
365,LIF
366,AKR1B1
367,PVR
368,IL9
369,IFNGR1
370,EZR
371,CSF2RA
372,AREG
373,CD46
374,CYP11B1
375,VEGFA
376,CD1D
377,NPR1
378,CD44
379,SELP
380,ITGB4
381,SPN
382,CBR1
383,PDGFRA
384,PECAM1
385,CTLA4
386,DPEP1
387,PRLR
388,TSHR
389,SELE
390,CD36
391,IL7R
392,IFNAR1
393,ITGA2
394,HLA-G
395,CHRNB2
396,LGALS3
397,IGFBP3
398,FLT1
399,ALOX12
400,BMP7
401,ITGB5
402,ADRA2B
403,ADCYAP1
404,IL1RN
405,ITGB6
406,LAG3
407,ADRA2C
408,CDH2
409,CYP11B2
410,HDC
411,EPOR
412,CD58
413,VCAM1
414,TNFRSF1A
415,GGT1
416,RXRA
417,CEL
418,CXCL2
419,CXCL3
420,CR2
421,CD22
422,ALOX5AP
423,CHRM3
424,TNFRSF1B
425,TAC1
426,PMCH
427,TRH
428,ITGAL
429,ITGAX
430,DDC
431,NTF3
432,IL11
433,EFNA1
434,COL9A1
435,COL5A1
436,PTN
437,TACR2
438,FPR1
439,CNR1
440,KITLG
441,EPHA1
442,DRD1
443,C5AR1
444,TBXA2R
445,MDK
446,FGF7
447,FGFR2
448,CD72
449,ERBB3
450,DRD4
451,DRD5
452,BMP5
453,BMP6
454,CDH3
455,IL10
456,CCL1
457,FGFR4
458,GAL
459,FDXR
460,FGFR3
461,LHCGR
462,MRC1
463,ITGA6
464,PTPRZ1
465,TNFSF4
466,BDNF
467,FSHR
468,IL4R
469,TBXAS1
470,TNC
471,HRH2
472,CXCR1
473,CXCR2
474,CD24
475,COL8A2
476,FPR3
477,FPR2
478,ADRA1D
479,TACR1
480,ACKR3
481,FAS
482,COL5A3
483,CD40
484,ITGA3
485,ITGB7
486,ITGB8
487,CNTF
488,KLRC1
489,KLRC2
490,KLRK1
491,CD27
492,MST1
493,IL3RA
494,CNTFR
495,ACVR2A
496,DPP4
497,GDF1
498,COL8A1
499,IL1R2
500,HTR1D
501,HTR1B
502,HTR2A
503,CHAT
504,HTR2C
505,NMBR
506,HTR1E
507,RXRB
508,CD34
509,CD38
510,TNFRSF8
511,ADORA2A
512,ADORA2B
513,EPHA2
514,EPHA3
515,EPHA8
516,EPHB2
517,TACR3
518,CRABP2
519,COL4A5
520,IL12A
521,IL12B
522,CD40LG
523,CD6
524,BDKRB2
525,HLA-F
526,AVPR2
527,AXL
528,CHRNA5
529,LRPAP1
530,ADORA1
531,GRPR
532,AGTR1
533,OXTR
534,SSTR1
535,SSTR2
536,CHRNB4
537,HTR1F
538,GNRHR
539,CALCR
540,NTS
541,CD52
542,FGF9
543,SSTR4
544,IL2RG
545,CEACAM8
546,L1CAM
547,CCKAR
548,CCKBR
549,VIPR1
550,MC4R
551,CCR1
552,CCR7
553,CHRNA3
554,CXCR5
555,SSTR3
556,IFNA8
557,CSF2RB
558,ICAM3
559,CD70
560,TNFSF8
561,MC5R
562,CDH5
563,CD80
564,NTF4
565,RYK
566,HTR7
567,CNR2
568,TRHR
569,PTGER1
570,CRHR1
571,BTC
572,IL13
573,ADM
574,SSTR5
575,ADRA1A
576,HRH1
577,ADRA1B
578,OPRM1
579,RORA
580,PTGER4
581,APLNR
582,THBS2
583,DRD3
584,FBN1
585,BSG
586,FLT4
587,KDR
588,GGT5
589,CHRNA7
590,FLT3
591,BMPR1A
592,ACVR1B
593,TGFBR1
594,LTBR
595,ACVRL1
596,HSD17B3
597,TGFBR2
598,PPARG
599,AVPR1A
600,IFNGR2
601,ITGAE
602,LIPA
603,COL15A1
604,COL18A1
605,GDNF
606,IL6ST
607,CEACAM6
608,CD96
609,THPO
610,MPL
611,IL15
612,OPRD1
613,OPRK1
614,OPRL1
615,LEP
616,CD200
617,WNT5A
618,TNFSF9
619,VIPR2
620,HTR2B
621,CCR2
622,MC3R
623,CD86
624,ASIP
625,AKR1C3
626,IL12RB1
627,LIFR
628,CXCL5
629,GDF5
630,PTGFR
631,PTGER3
632,PTGER2
633,PTGIR
634,DCC
635,GLP1R
636,TNFRSF4
637,KIR2DL1
638,KIR2DL3
639,KIR3DL1
640,KIR3DL2
641,CHRNA4
642,GPR1
643,CCR10
644,XCR1
645,HTR3A
646,BAG6
647,NOTCH1
648,ASMT
649,BDKRB1
650,GALR1
651,GCGR
652,SCTR
653,ALDH1A3
654,HTR5A
655,AVPR1B
656,XCL1
657,FASLG
658,MTNR1A
659,CXCL12
660,NPBWR1
661,NPBWR2
662,LEPR
663,RXRG
664,GIPR
665,IFNAR2
666,NMU
667,ADGRE5
668,PTH2R
669,CX3CR1
670,MTNR1B
671,CXCR3
672,PRLHR
673,GPR15
674,PGF
675,VEGFB
676,VEGFC
677,FLT3LG
678,ENTPD1
679,AGTR2
680,HTR6
681,TNFSF10
682,RORC
683,INSL3
684,GPC3
685,CCL11
686,CCR3
687,CCR4
688,CCR5
689,CCR6
690,CCR8
691,CCR9
692,PLXNA3
693,GPR143
694,AKR1D1
695,EFNA3
696,EFNA4
697,EFNB2
698,EFNA5
699,COL4A4
700,ITGA8
701,SLC16A1
702,EPHB3
703,EPHA5
704,EPHB4
705,EPHB1
706,EPHA4
707,GAS1
708,NR1H2
709,DIO3
710,FGF8
711,UCN
712,INHBC
713,GDF10
714,CDH6
715,CCL23
716,CCL18
717,FCGRT
718,GFRA1
719,ITGA1
720,WNT3
721,WNT3A
722,WNT4
723,WNT7B
724,NRG3
725,JAM2
726,INHBE
727,PROK1
728,LILRA4
729,IL2
730,CXCR4
731,SST
732,B2M
733,TGFB2
734,PPIA
735,SIRPA
736,CX3CL1
737,JAG1
738,RELN
739,IL13RA1
740,CCL20
741,CCL8
742,CCL7
743,CXCL6
744,LCN2
745,DLK1
746,PRLH
747,VLDLR
748,EFNB1
749,NDP
750,IL9R
751,IL5RA
752,IL1RL1
753,MC2R
754,MC1R
755,COL4A3
756,ROR1
757,ROR2
758,TNFRSF17
759,NRG1
760,COL7A1
761,DSG1
762,DSC2
763,GHRHR
764,TEK
765,TGFBR3
766,PPARD
767,PLAUR
768,PTH1R
769,COL10A1
770,NOTCH2
771,ACVR1
772,MST1R
773,COL14A1
774,CHRNB3
775,TYRO3
776,LTB
777,TNFRSF9
778,COL16A1
779,CXCL9
780,KLRC3
781,PPARA
782,IL10RB
783,DSC1
784,CD47
785,FGL1
786,APOBR
787,BST2
788,CNTN1
789,MERTK
790,KLRB1
791,IL24
792,NR1H3
793,KLRD1
794,PTGDR
795,IL15RA
796,SEMA3F
797,GPR17
798,CRHR2
799,PTPRS
800,ITGAD
801,FZD5
802,MADCAM1
803,IL18R1
804,PNOC
805,SEMA5A
806,PTCH1
807,HTR4
808,IL10RA
809,ITGA7
810,ACVR2B
811,ALCAM
812,ITGA9
813,BMPR2
814,COL4A6
815,COL9A3
816,COL9A2
817,LRP8
818,IL18
819,DSG2
820,EBI3
821,SELPLG
822,FZD2
823,GAS6
824,SEMA3A
825,DSC3
826,IHH
827,IL11RA
828,IL13RA2
829,ICAM4
830,PTGR1
831,KIR3DS1
832,COL19A1
833,PDCD1
834,PTGES3
835,NECTIN1
836,ERBB4
837,EPHA7
838,ANGPT1
839,DHCR24
840,SHH
841,LTB4R
842,SLC1A5
843,CD226
844,EFNB3
845,CHRNA2
846,CHRNA6
847,ADIPOQ
848,NTRK3
849,IL17A
850,ACKR1
851,C3AR1
852,CALCRL
853,NTRK2
854,CCL14
855,PTGIS
856,CCL15
857,AMHR2
858,LAMA3
859,LTC4S
860,COL24A1
861,MICB
862,MICA
863,RSPO4
864,RSPO1
865,COL28A1
866,HFE
867,TIGIT
868,CDON
869,HSD17B12
870,TREML2
871,SFRP5
872,ARTN
873,COL13A1
874,IL23R
875,RAET1L
876,CD276
877,NCR3LG1
878,SFRP4
879,LAIR1
880,RAET1G
881,SIGIRR
882,GDF6
883,FDX2
884,CSPG4
885,CLEC2A
886,IGFL1
887,EPGN
888,IL27RA
889,C10orf99
890,IGFL2
891,IGFL3
892,IL20RB
893,RSPO2
894,UNC5D
895,NPSR1
896,SOSTDC1
897,NSMF
898,SIGLEC15
899,SCARA5
900,IL34
901,UNC5A
902,HTR3D
903,UTS2B
904,CATSPER4
905,ADM2
906,GDF7
907,TAFA5
908,TAFA1
909,BMP8A
910,BTLA
911,ADIPOR2
912,IFNE
913,CATSPERD
914,CATSPER3
915,TMEM219
916,GPHB5
917,KLB
918,IFNL1
919,IFNLR1
920,MT-RNR2
921,COL27A1
922,IFNL3
923,IFNL2
924,UNC5B
925,CADM3
926,LILRB2
927,SFRP1
928,IL22RA1
929,CD177
930,NPW
931,IL17RC
932,DAGLB
933,KREMEN2
934,CATSPER1
935,ACVR1C
936,IL27
937,PROKR2
938,IL17RE
939,COL22A1
940,SEMA6D
941,CADM4
942,NPB
943,LILRB4
944,LILRB1
945,PRXL2B
946,PROKR1
947,RAET1E
948,CD200R1
949,HAVCR2
950,OXER1
951,RXFP4
952,GPR151
953,SLC22A17
954,NRG4
955,IL1F10
956,HTR3C
957,RXFP2
958,RLN3
959,CLEC2B
960,CCL17
961,SORL1
962,NECTIN2
963,ESR2
964,RORB
965,FRZB
966,SEMA4D
967,GLG1
968,TNFRSF14
969,TNFRSF25
970,WNT2B
971,WNT8B
972,TSLP
973,UCN3
974,MCHR2
975,ADIPOR1
976,COL26A1
977,PTH2
978,ESAM
979,NXNL1
980,KLRG1
981,IL17RA
982,SFRP2
983,SIGLEC10
984,TAFA4
985,ROBO3
986,KREMEN1
987,NECTIN4
988,COL21A1
989,CATSPER2
990,GNRHR2
991,IL17F
992,HHIP
993,NR1H4
994,TNFRSF13C
995,UCN2
996,NODAL
997,GPHA2
998,CSF3R
999,HBEGF
1000,NELL2
1001,NOTCH4
1002,SORT1
1003,GPER1
1004,CCL13
1005,OSMR
1006,IL12RB2
1007,MCHR1
1008,COL12A1
1009,CCL19
1010,NRTN
1011,CMKLR1
1012,RARRES2
1013,OMD
1014,SEMA3C
1015,DHRS9
1016,PDCD1LG2
1017,SPX
1018,BOC
1019,JAM3
1020,STRA6
1021,LGR4
1022,AMN
1023,RSPO3
1024,CADM1
1025,ULBP3
1026,ULBP2
1027,ULBP1
1028,CD244
1029,SIGLEC1
1030,SEMA4C
1031,PDGFD
1032,NMUR2
1033,WNT10A
1034,FGF23
1035,IL22
1036,GFRA4
1037,WNT8A
1038,WNT5B
1039,IL25
1040,CXCL16
1041,SEMA6A
1042,CLEC4M
1043,HRH4
1044,SEMA4A
1045,FZD8
1046,DPEP2
1047,DPEP3
1048,EPB41L1
1049,IGFLR1
1050,CATSPERB
1051,PTGES2
1052,IL1RL2
1053,NTN4
1054,NMUR1
1055,IL21
1056,IL21R
1057,LGR6
1058,RXFP1
1059,PROK2
1060,CRLF2
1061,ROBO2
1062,PLXNA4
1063,FGF22
1064,CD209
1065,TNFRSF12A
1066,FGF20
1067,ACKR4
1068,LTB4R2
1069,IL23A
1070,FZD3
1071,IL1RAP
1072,IL26
1073,NECTIN3
1074,GDF3
1075,DLL4
1076,TLR8
1077,PDGFC
1078,CCL28
1079,IL17RB
1080,HEBP1
1081,CYSLTR2
1082,FGF21
1083,RXFP3
1084,SEMA4G
1085,DLL3
1086,IL20
1087,PODXL2
1088,TREM2
1089,IL37
1090,IL36B
1091,IL36G
1092,CD274
1093,KLRF1
1094,IL17C
1095,IFNK
1096,SIRPG
1097,COL20A1
1098,C5AR2
1099,GALP
1100,XCL2
1101,CLCF1
1102,IL36RN
1103,HCST
1104,DHCR7
1105,TNFRSF10D
1106,DKK2
1107,GHRL
1108,WNT16
1109,KL
1110,SUSD2
1111,IL36A
1112,IL19
1113,TAC3
1114,IL20RA
1115,CLEC2D
1116,PLXNA1
1117,GDF2
1118,PILRA
1119,UTS2R
1120,ITGA11
1121,CDH7
1122,PLXNB3
1123,FZD4
1124,FZD10
1125,APLN
1126,NOTCH3
1127,ALK
1128,COL17A1
1129,TNFSF18
1130,PROCR
1131,FZD1
1132,TFR2
1133,JAG2
1134,CCL26
1135,ANGPT4
1136,CYSLTR1
1137,TNFSF13B
1138,GPR55
1139,DAGLA
1140,PLXND1
1141,CCL27
1142,HRH3
1143,INSL5
1144,TNFRSF18
1145,WIF1
1146,PTGDR2
1147,F11R
1148,PTCH2
1149,WNT6
1150,ROBO1
1151,TNFRSF11A
1152,ICOS
1153,FCAR
1154,CHL1
1155,LILRA2
1156,CDCP1
1157,CD320
1158,LILRB5
1159,VASN
1160,GP6
1161,APLP2
1162,KIR2DL5A
1163,KIR2DS4
1164,MOSPD2
1165,SLC3A2
1166,NT5E
1167,LYVE1
1168,SDC2
1169,LILRB3
1170,CLSTN1
1171,SEMA4B
1172,BTN3A1
1173,FCRL1
1174,OSCAR
1175,FCER1A
1176,NOMO2
1177,IGSF8
1178,CD300LF
1179,KIR3DL3
1180,NRCAM
1181,SLAMF6
1182,CD248
1183,MCAM
1184,CD93
1185,ADGRE2
1186,CEACAM4
1187,SLITRK4
1188,PTPRF
1189,ITM2A
1190,CCDC47
1191,SEMA6B
1192,DDR2
1193,TMEM132A
1194,TMED2
1195,KIAA1324
1196,M6PR
1197,MPZL1
1198,ATP1B1
1199,SDC4
1200,PI16
1201,NCR2
1202,NEGR1
1203,MILR1
1204,JAML
1205,PIGR
1206,CNTNAP1
1207,OLR1
1208,CD33
1209,PTGFRN
1210,BST1
1211,LRRC15
1212,CPM
1213,PEAR1
1214,CGB1
1215,CD300LB
1216,KCNU1
1217,KCNK1
1218,GRM8
1219,F2RL2
1220,SLC1A7
1221,ADGRB1
1222,SLC9A3R1
1223,GABRD
1224,TAX1BP3
1225,NPFF
1226,GRM6
1227,GRIN2D
1228,SLC16A3
1229,FLRT2
1230,ADAM12
1231,GPR39
1232,LRRTM2
1233,ATP8B1
1234,ADGRB2
1235,ADGRB3
1236,ATP10A
1237,CRLF1
1238,UPK3A
1239,UPK1B
1240,GABBR2
1241,MPDZ
1242,C1QL1
1243,NCR1
1244,ADGRL1
1245,GLS
1246,SLITRK3
1247,SLITRK5
1248,KCNK2
1249,ADGRL2
1250,NTSR2
1251,LY86
1252,TSPAN12
1253,SLC16A8
1254,PPY
1255,NPY
1256,CD4
1257,RLN1
1258,CYBB
1259,EDN1
1260,CD1A
1261,CHRNG
1262,CD3E
1263,CTSG
1264,FCGR3A
1265,CD3G
1266,CGB3
1267,CGB7
1268,PYY
1269,CHRNB1
1270,CD79A
1271,FCGR1A
1272,CYBA
1273,EDN3
1274,GABRA1
1275,KCNA2
1276,GJA1
1277,TYRP1
1278,TPH1
1279,PTPRA
1280,GABRG2
1281,SDC1
1282,EDN2
1283,CD247
1284,CD9
1285,TGM2
1286,KCNA4
1287,PTGS1
1288,GLRA1
1289,GLRA2
1290,CBLN1
1291,PTPRD
1292,SLC6A2
1293,LAMA2
1294,EDNRB
1295,EDNRA
1296,F2R
1297,NPY1R
1298,GABRB3
1299,HSD11B1
1300,CD1B
1301,CD1C
1302,GNA11
1303,FCER1G
1304,SLC6A1
1305,NTSR1
1306,SLC6A6
1307,GABRA5
1308,SLC6A4
1309,SHMT1
1310,SHMT2
1311,GABRA3
1312,SFTPD
1313,PTGS2
1314,TIE1
1315,GJA5
1316,GJC1
1317,HSD17B2
1318,SCNN1A
1319,GRIK1
1320,DCT
1321,CD79B
1322,PTGDS
1323,ADCYAP1R1
1324,GRM5
1325,GRIA1
1326,GRIA2
1327,GRIA3
1328,SLC1A3
1329,SLC1A2
1330,SLC1A1
1331,SSR1
1332,SSR2
1333,GABRA2
1334,GABRB2
1335,SLC6A8
1336,GRIA4
1337,SLC6A12
1338,SLC6A11
1339,SLC6A9
1340,GLRB
1341,GABRA4
1342,SLC1A6
1343,NPY2R
1344,PSEN1
1345,PSEN2
1346,NPY4R
1347,SCNN1B
1348,SCNN1G
1349,SCNN1D
1350,SSR4
1351,GPM6A
1352,SLC18A1
1353,ATP12A
1354,NRXN1
1355,NRXN2
1356,CD81
1357,S100A10
1358,RACK1
1359,GABRE
1360,DLG4
1361,BTN3A2
1362,QRFP
1363,PKD1
1364,ATP11A
1365,ATP8B2
1366,MS4A2
1367,SLC7A5
1368,SLC6A3
1369,CNTN2
1370,CHRNE
1371,GAD2
1372,GRIN1
1373,SLC18A2
1374,CHRND
1375,CD300C
1376,GRIN2A
1377,GRIK2
1378,GRIK3
1379,GRIN2B
1380,GRM1
1381,PKD2
1382,SLC12A1
1383,DAG1
1384,GRM2
1385,SLC29A2
1386,KCNB1
1387,GRM7
1388,GRM3
1389,GRM4
1390,GRIN2C
1391,KISS1
1392,NPY5R
1393,GRIK4
1394,GABRA6
1395,GRIK5
1396,SLC18A3
1397,DUOXA1
1398,TMEM30B
1399,CD300E
1400,NMS
1401,C1QL3
1402,TENM4
1403,CGB2
1404,KCNIP4
1405,KCNV1
1406,LRFN4
1407,CD300LD
1408,FAT4
1409,SLC29A4
1410,PKD1L3
1411,C1QL2
1412,ADGRG6
1413,LRRTM1
1414,LRRTM4
1415,LRRTM3
1416,C1QL4
1417,TPH2
1418,NLGN4X
1419,NLGN1
1420,LRRC52
1421,ATP11C
1422,SLC17A8
1423,NLGN4Y
1424,NLGN2
1425,IL31RA
1426,VANGL1
1427,KCNG3
1428,LHFPL5
1429,KCNG4
1430,KCNV2
1431,PKD1L1
1432,ATP8B4
1433,APH1B
1434,NCSTN
1435,LPAR1
1436,GHSR
1437,KCNB2
1438,MR1
1439,KISS1R
1440,TMIGD2
1441,APH1A
1442,RTP4
1443,SLC10A4
1444,DCHS1
1445,KCNS1
1446,LRFN5
1447,QRFPR
1448,ADGRA2
1449,SLITRK1
1450,PCDH15
1451,PANX1
1452,F2RL3
1453,TAAR1
1454,GAD1
1455,CD180
1456,P2RX7
1457,SLC29A1
1458,KCNS3
1459,CLSTN3
1460,UPK3B
1461,LRFN3
1462,SLC12A9
1463,SLC29A3
1464,RTN4R
1465,NPFFR1
1466,SLC5A7
1467,SLITRK2
1468,ABCG8
1469,ABCG5
1470,CLSTN2
1471,SLC32A1
1472,SLITRK6
1473,VSIR
1474,ADGRL3
1475,LPAR2
1476,LRRC4C
1477,NRXN3
1478,TREM1
1479,DUOX1
1480,KCNIP2
1481,SLC6A13
1482,TENM2
1483,LRRC4B
1484,ATP8A2
1485,TMEM30A
1486,CELSR3
1487,PSENEN
1488,NLGN3
1489,KCNIP1
1490,IL1RAPL1
1491,FLRT3
1492,FLRT1
1493,KCND2
1494,PKD2L1
1495,TENM3
1496,SLC17A7
1497,SLC17A6
1498,GABBR1
1499,LPAR3
1500,CNTNAP2
1501,SLC7A8
1502,GLS2
1503,KCNG1
1504,KCNG2
1505,KCND3
1506,TENM1
1507,LRFN2
1508,VANGL2
1509,KCNS2
1510,HHLA2
1511,GABRQ
1512,SSR3
1513,CNTN6
1514,ATP8A1
1515,KCNIP3
1516,SLC6A5
1517,NPFFR2
1518,SCN10A
1519,ADGRG1
1520,KCNE3
1521,GJA3
1522,GRID2
1523,PRNP
1524,IGHM
1525,KIR2DS2
1526,HLADRA
1527,HLA-DRB5
1528,HLA-DRB1
1529,HLA-DQA1
1530,HLA-DQB1
1531,HLA-DQA2
1532,HLA-DQB2
1533,HLA-DOB
1534,HLA-DMB
1535,HLA-DMA
1536,HLA-DOA
1537,HLA-DPA1
1538,HLA-DPB1
1539,HNF4A
1540,HNF4G
1541,NR0B1
1542,NR0B2
1543,NR1D1
1544,NR1D2
1545,NR1I3
1546,NR2C1
1547,NR2C2
1548,NR2E1
1549,NR2E3
1550,NR2F1
1551,NR2F2
1552,NR2F6
1553,NR4A1
1554,NR4A2
1555,NR4A3
1556,NR5A1
1557,NR5A2
1558,NR6A1
1559,TLR7
1560,MME
1561,CD101
1562,ENG
1563,LAMP1
1564,LAMP2
1565,CD109
1566,PVRL1
1567,PVRL2
1568,PVRL3
1569,ANPEP
1570,PROM1
1571,CD14
1572,F3
1573,ACE
1574,PTPRJ
1575,SLAMF1
1576,ADAM8
1577,ADAM17
1578,ADAM10
1579,KIR2DS1
1580,CD163
1581,CD164
1582,FCGR3B
1583,SIGLEC5
1584,CD19
1585,MS4A1
1586,ENPP3
1587,LY75
1588,LAMP3
1589,MFI2
1590,LY9
1591,BCAM
1592,ABCB1
1593,MRC2
1594,TLR1
1595,TLR2
1596,TLR3
1597,TLR4
1598,TLR9
1599,GPR44
1600,ATP1B3
1601,CD302
1602,FCRL5
1603,EMR2
1604,SLAMF7
1605,FCGR2A
1606,EPCAM
1607,SIGLEC6
1608,SIGLEC7
1609,CR1
1610,CD3D
1611,GP5
1612,CD5
1613,CD59
1614,CD63
1615,CD68
1616,CD7
1617,CD83
1618,CD84
1619,LILRA5
1620,LILRA1
1621,LRP1
1622,SLC44A1
1623,CD97
1624,VNN1
1625,KRT1
1626,ALPL
1627,ALPP
1628,ENO1
1629,PRF1
1630,VDAC1
1631,ACHE
1632,CDH13
1633,FAP
1634,HYAL2
1635,MSLN
1636,OPCML
1637,MDGA1
1638,NTM
1639,NTNG1
1640,RAB5C
1641,PLA2G3
1642,GPC5
1643,CAPNS1
1644,ITPRIP
1645,FKRP
1646,DYNC2H1
1647,BCHE
1648,PRG2
1649,IGLON5
1650,LAMA5
1651,CALU
1652,CRTAP
1653,PRSS23
1654,CP
1655,HP
1656,IGHG1
1657,IGHG2
1658,APOH
1659,AHSG
1660,HPX
1661,APOD
1662,SERPING1
1663,GPI
1664,SERPINE2
1665,DCN
1666,LAMB1
1667,CFH
1668,CHGA
1669,ACTN1
1670,IFI30
1671,C4BPB
1672,BGN
1673,LAMA1
1674,PON1
1675,CALR
1676,LOX
1677,GRN
1678,FBN2
1679,BTD
1680,NPTX2
1681,LUM
1682,PRELP
1683,MFAP4
1684,LAMB2
1685,YBX1
1686,HSPG2
1687,LGALS3BP
1688,MFGE8
1689,ST3GAL1
1690,ST3GAL4
1691,FSTL1
1692,MMRN1
1693,MFAP5
1694,LAMB3
1695,LAMC2
1696,NID2
1697,LTBP1
1698,LAMA4
1699,LEPRE1
1700,OLFML2B
1701,PLBD1
1702,C6orf120
1703,ABI3BP
1704,SMPDL3B
1705,PXDN
1706,NELL1
1707,HMCN1
1708,SERPINI1
1709,EMILIN2
1710,MXRA5
1711,OLFML3
1712,MAN2B2
1713,LIPG
1714,EMILIN1
1715,TLL2
1716,GDF15
1717,C4BPA
1718,MMP13
1719,SERPINA3
1720,ITIH2
1721,VCAN
1722,TFPI
1723,EMID2
1724,PGCP
1725,SERPINB2
1726,TFPI2
1727,PRSS35
1728,ISLR
1729,TNXB
1730,THSD4
1731,LTBP3
1732,ANGPTL1
1733,NTN3
1734,CREG1
1735,NXPH4
1736,CRELD2
1737,TLL1
1738,TIMP1
1739,LOXL4
1740,ANGPTL4
1741,SLIT3
1742,SERPINF1
1743,OLFML2A
1744,GREM1
1745,PLTP
1746,POSTN
1747,CCDC80
1748,F13A1
1749,SERPINA1
1750,OGN
1751,ADAMTSL4
1752,ASPN
1753,COL29A1
1754,IGHG4
1755,GNPTG
1756,EPDR1
1757,ANGPTL2
1758,DKK3
1759,CPZ
1760,AMBP
1761,C12orf49
1762,CYTH1
1763,CDSN
1764,BCAN
1765,ORM1
1766,FBLN2
1767,AEBP1
1768,A2M
1769,CGN
1770,ADAMTS15
1771,IL17D
1772,CCDC126
1773,LTF
1774,PLAT
1775,F5
1776,C1QTNF2
1777,EFEMP1
1778,BMP1
1779,HNRNPK
1780,OLFM1
1781,DPP7
1782,CTSD
1783,ABCC1
1784,CASD1
1785,SLC12A6
1786,SLC9A1
1787,SLC2A1
1788,SLCO4A1
1789,SLC23A2
1790,SLCO3A1
1791,SLC26A5
1792,SLC38A1
1793,SLC4A7
1794,SLC14A1
1795,TMCO3
1796,SPPL2A
1797,TM9SF3
1798,ANO9
1799,ATP1A1
1800,ATP1A3
1801,ANO6
1802,ATP6V0A2
1803,P2RY10
1804,LPHN2
1805,PTAFR
1806,GPR107
1807,GPR126
1808,P2RY8
1809,GPR125
1810,TMEM87A
1811,MRGPRF
1812,TMEM87B
1813,SMO
1814,EMR3
1815,ELTD1
1816,TMEM8A
1817,CELSR2
1818,CELSR1
1819,GPR56
1820,PPAP2A
1821,KCNA3
1822,SLC39A6
1823,SLC39A14
1824,P2RY11
1825,SLC39A10
1826,PROM2
1827,TTYH2
1828,TTYH3
1829,GPM6B
1830,CNNM4
1831,CNNM3
1832,DCBLD2
1833,KIAA0922
1834,ATRN
1835,PTPRG
1836,TMEFF1
1837,TM2D3
1838,TM2D1
1839,HEPACAM2
1840,BTN3A3
1841,PCDH17
1842,NCAM2
1843,CA12
1844,PCDHGA12
1845,IGSF3
1846,CPD
1847,NFASC
1848,CSPG5
1849,LYPD3
1850,VNN2
1851,G6B
1852,LDLR
1853,HLA-DRA
1854,TACSTD2
1855,ELFN1
1856,HLA-DRB4
1857,ATP1B2
1858,FOLR1
1859,ENPP1
1860,PTPRB
1861,MPZ
1862,PTPRM
1863,GPC1
1864,ECE1
1865,APLP1
1866,CACNA2D1
1867,MFAP3
1868,CDH15
1869,NOMO3
1870,CXADR
1871,HLA-DRB3
1872,CDH17
1873,PTK7
1874,ADAM15
1875,LSAMP
1876,STIM1
1877,TPBG
1878,LRRC32
1879,FAT1
1880,GPNMB
1881,PTPRK
1882,FAM174B
1883,SDK2
1884,CRB2
1885,ELFN2
1886,FREM2
1887,0
1888,FCRL6
1889,TMEM132E
1890,EMB
1891,APR3
1892,SUSD1
1893,VSTM1
1894,SEZ6L2
1895,QSOX2
1896,BTN2A1
1897,SDK1
1898,MCA32
1899,AMIGO2
1900,CLEC14A
1901,FRAS1
1902,AMICA1
1903,FGFRL1
1904,PCDH20
1905,RNF149
1906,DNER
1907,IGDCC4
1908,SCARB1
1909,MUC16
1910,NEO1
1911,SCARF2
1912,C1orf159
1913,KIRREL
1914,FCRL2
1915,SGCZ
1916,FCRL3
1917,SORCS2
1918,SIGLEC12
1919,MUC4
1920,MXRA8
1921,PLVAP
1922,CDH19
1923,TMX4
1924,TMPRSS5
1925,ACAM
1926,ANTXR1
1927,C10orf54
1928,PCDH9
1929,PCDH18
1930,ODZ2
1931,STAB1
1932,CLEC5A
1933,CACNA2D2
1934,ADAM22
1935,CNTN3
1936,C1orf9
1937,LNPEP
1938,PTPRQ
1939,PCDHGC3
1940,CLCA2
1941,SIGLEC9
1942,PCDHGB7
1943,NPTN
1944,CDH10
1945,ENPP4
1946,GPR64
1947,GPR65
1948,S1PR3
1949,NPR2
1950,ICAM5
1951,CLEC12A
1952,FAM171A1
1953,SLCO2A1
1954,UNQ870/PRO1886
1955,DGCR2
1956,LRRN1
1957,OSTM1
1958,PCDHA6
1959,PPAP2B
1960,ADAM9
1961,RECK
1962,KIAA0644
1963,FAT3
1964,BVES
1965,CDH4
1966,LRRC25
1967,LRP10
1968,PCDHGB4
1969,PCDHGB5
1970,PCDHGB1
1971,SUSD5
1972,SLC24A6
1973,UGT8
1974,MEGF8
1975,IL17RD
1976,FAM174A
1977,PMEPA1
1978,NEU1
1979,ADAM19
1980,CRIM1
1981,PCDHGC5
1982,PCDHGA9
1983,MCOLN1
1984,SGCB
1985,SGCD
1986,PCDH1
1987,KIAA0090
1988,LRRN4CL
1989,CDH8
1990,GPR110
1991,ZP4
1992,C10orf72
1993,THSD7A
1994,PCDHA10
1995,SLC46A1
1996,S1PR4
1997,LRP2
1998,GPC4
1999,SORCS1
2000,FAM171A2
2001,CXCR7
2002,GPR116
2003,STEAP4
2004,LRP1B
2005,SLCO4C1
2006,ACCN2
2007,CACHD1
2008,PCDH19
2009,TCTN2
2010,ABCA8
2011,FCGR2B
2012,SIDT2
2013,SUCNR1
2014,CNNM2
2015,PCDH7
2016,MPZL2
2017,EVI2A
2018,AMIGO1
2019,TMEM25
2020,ZDHHC5
2021,SLC22A16
2022,VAMP5
2023,LRP12
2024,NAGLT1
2025,SLC8A1
2026,KIAA1324L
2027,SEMA4F
2028,LY6K
2029,GPRC5A
2030,LPAR5
2031,GPR132
2032,C11orf24
2033,S1PR5
2034,FCGR1C
2035,SGCE
2036,SCN2B
2037,PLA2R1
2038,LRFN1
2039,CDH9
2040,MFAP3L
2041,GPR124
2042,SCN4B
2043,SLC12A7
2044,TRPV2
2045,GRID1
2046,PCDHGA8
2047,S1PR1
2048,DCBLD1
2049,PKHD1L1
2050,PARM1
2051,NPR3
2052,CDH11
2053,APCDD1
2054,MYOF
2055,ODZ1
2056,CADM2
2057,GPR174
2058,LRP11
2059,TXNDC15
2060,RELL1
2061,RNF130
2062,ABCA7
2063,GPR176
2064,CLDN12
2065,PCDHA11
2066,FAM38A
2067,NPC1
2068,SV2A
2069,SPPL2B
2070,RHBDF2
2071,IGSF1
2072,RPN2
2073,TMED9
2074,ATP6AP1
2075,C1orf85
2076,TMX3
2077,THSD1
2078,SEL1L
2079,TMED7
2080,RNF13
2081,ACP2
2082,CANX
2083,GALNT1
2084,LMAN2
2085,FGL2
2086,MOXD1
2087,TMED4
2088,NUP210
2089,PIGT
2090,LMAN2L
2091,EXTL2
2092,HEG1
2093,SILV
2094,RPN1
2095,UGT1A9
2096,STS
2097,FNDC5
2098,ITM2B
2099,PTTG1IP
2100,TM9SF1
2101,MIA3
2102,ARSF
2103,HEPACAM
2104,PLXDC1
2105,ITFG1
2106,TMEM9
2107,SLC2A4
2108,BACE1
2109,NAGPA
2110,ANO5
2111,QSOX1
2112,NCLN
2113,DMXL2
2114,MMGT1
2115,SLC12A8
2116,ESYT3
2117,SLC5A10
2118,CLRN2
2119,TMEM30C
2120,SLC22A23
2121,TSPAN11
2122,TMEM213
2123,OR2M5
2124,OR2A25
2125,SLC35F4
2126,MEGF11
2127,CDHR4
2128,TMEM150B
2129,OR6C74
2130,IZUMO1R
2131,OR14I1
2132,LRIT2
2133,OR5H15
2134,OR6C68
2135,MYADML2
2136,TMEM8B
2137,OR5K3
2138,ANTXRL
2139,OR6C6
2140,TRABD2B
2141,TMEM235
2142,MFSD2B
2143,GGT3P
2144,OR51F1
2145,OR2T8
2146,SERINC4
2147,OR4C46
2148,OR5H14
2149,MANSC4
2150,OR6C70
2151,SLC15A5
2152,CD8BP
2153,OR6C65
2154,SLC22A20
2155,PCNXL2
2156,OR5H1
2157,OR6C75
2158,OR5B21
2159,SHISA7
2160,OR2AG2
2161,LRRC37A2
2162,CLDN24
2163,OR6C76
2164,SIGLEC16
2165,OR5K4
2166,LRRC37A
2167,OR52A4
2168,OR4C45
2169,OR2AT4
2170,SLC38A8
2171,DISP2
2172,GABRR3
2173,
2174,HIDE1
2175,BTNL10
2176,VSTM5
2177,UPK3BL
2178,OR11H12
2179,TMEM114
2180,SHISA9
2181,TARM1
2182,ERVV-1
2183,ERVV-2
2184,SHISA8
2185,MUC22
2186,C1orf233
2187,C3orf80
2188,SLCO1B7
2189,TMEM178B
2190,GFY
2191,GPR25
2192,GPR31
2193,UPK1A
2194,SLC28A1
2195,SLC33A1
2196,UPK2
2197,GABRP
2198,CLDN4
2199,BAI1
2200,PTPRT
2201,TMEM194A
2202,ASTN1
2203,OR7A17
2204,GPR171
2205,RRH
2206,TAAR5
2207,TSPAN4
2208,FFAR1
2209,FFAR3
2210,TM4SF5
2211,LDLRAD4
2212,GPR182
2213,SLC22A2
2214,SLC22A1
2215,SLC16A4
2216,SLC16A5
2217,SLC16A6
2218,SLC31A1
2219,ABCC3
2220,ABCC4
2221,ABCC5
2222,GPR42
2223,P2RX6
2224,CLDN3
2225,FFAR2
2226,ERVK-18
2227,SLC7A4
2228,TREH
2229,SPINT2
2230,ADCY6
2231,AQP9
2232,TGOLN2
2233,CACNA1G
2234,ADAM20
2235,SLC26A4
2236,PSCA
2237,TSPAN6
2238,PPAP2C
2239,OR1F1
2240,SLC37A4
2241,SLC28A2
2242,OR2T1
2243,XPNPEP2
2244,MFSD11
2245,TMPRSS11D
2246,BAI2
2247,BAI3
2248,ADCY3
2249,LRRC37A3
2250,CACNG3
2251,GRIN3B
2252,OR10H2
2253,OR10H3
2254,OR7C2
2255,OR1I1
2256,GPR137B
2257,NPHS1
2258,ADCY9
2259,TLR5
2260,TSPAN1
2261,TSPAN2
2262,TSPAN3
2263,SLC16A7
2264,ABCC9
2265,SLC19A2
2266,CTNS
2267,ERVK-19
2268,LRP3
2269,ADAM23
2270,ADAM11
2271,ASTN2
2272,CDH16
2273,GLRA3
2274,LRRN2
2275,ENTPD3
2276,SLC43A1
2277,GPR32
2278,TECTA
2279,USH2A
2280,CLDN11
2281,GJB3
2282,SLC22A3
2283,TSPAN9
2284,OR2B3
2285,OR2J3
2286,OR2J2
2287,SLC22A5
2288,OR7C1
2289,OR7A10
2290,LY6H
2291,AQP8
2292,CNTN5
2293,TMEM63A
2294,LRIG2
2295,LPHN1
2296,SLCO2B1
2297,OR2F2
2298,OR6B1
2299,OR4F21
2300,OR2A4
2301,PCDH8
2302,OR5F1
2303,OR6A2
2304,KCNK5
2305,ABCB11
2306,OR2C1
2307,GJB5
2308,SLC34A2
2309,GJB6
2310,CLDN7
2311,CLDN9
2312,SLC2A10
2313,ADCY5
2314,CLDN1
2315,TSPAN13
2316,TSPAN15
2317,LY6G6C
2318,LY6G6D
2319,OR2H2
2320,IGSF6
2321,HLA-H
2322,GYPA
2323,SLC4A1
2324,TRGC2
2325,OPN1SW
2326,OPN1LW
2327,OPN1MW
2328,MAS1
2329,GYPC
2330,LPL
2331,ASGR1
2332,ASGR2
2333,UMOD
2334,GJB1
2335,RHO
2336,SYP
2337,ROS1
2338,PKHD1
2339,SLC10A3
2340,LCT
2341,ALPI
2342,FURIN
2343,OR4A8P
2344,OR5AL1
2345,OR4Q2
2346,OR5G3
2347,OR5AC1
2348,OR10J4
2349,OR4E1
2350,OR52Z1
2351,LINGO3
2352,OR8U8
2353,OR8U9
2354,OR9G9
2355,OR2T7
2356,OR56A5
2357,ZDHHC11B
2358,TPBGL
2359,ALPPL2
2360,CD37
2361,SLC2A2
2362,SLC2A3
2363,SLC5A1
2364,FOLR2
2365,INSRR
2366,CD1E
2367,MUC1
2368,GABRB1
2369,PAM
2370,TSPAN8
2371,CD53
2372,MAG
2373,ABCB4
2374,ZP3
2375,MSR1
2376,SLC2A5
2377,CA4
2378,KEL
2379,OMG
2380,ATP2B4
2381,PRPH2
2382,GABRR1
2383,GUCY2C
2384,CD82
2385,GABRR2
2386,GJB2
2387,LTK
2388,AQP1
2389,MIP
2390,TM4SF1
2391,SLC7A1
2392,OR1E1
2393,OR10J1
2394,SLC5A2
2395,FCGR2C
2396,BRS3
2397,GPR183
2398,DSG3
2399,EVI2B
2400,OR1D2
2401,GJA4
2402,MAS1L
2403,SCN1A
2404,SCN4A
2405,SPAM1
2406,CEACAM3
2407,SLC26A3
2408,PMEL
2409,CASR
2410,AQP2
2411,P2RY2
2412,SLC19A1
2413,TSPAN7
2414,DPP6
2415,SLC1A4
2416,KIR2DL2
2417,LPAR6
2418,SLC15A1
2419,GPR3
2420,GPR4
2421,GPR6
2422,SLCO1A2
2423,GPR12
2424,RGR
2425,OR3A1
2426,OR3A4P
2427,OR1D4
2428,OR1E2
2429,OR3A3
2430,OR1G1
2431,OR3A2
2432,P2RY1
2433,KCNJ4
2434,GLIPR1
2435,TM4SF4
2436,CD151
2437,KCNJ3
2438,SLC9A3
2439,HCAR3
2440,SLC11A1
2441,SLC11A2
2442,MMP14
2443,SLC26A2
2444,ATP1A2
2445,ATP4B
2446,MMP16
2447,P2RX1
2448,P2RY4
2449,CLCNKB
2450,ADCY7
2451,SLC7A2
2452,ART1
2453,SLC5A3
2454,EMP1
2455,EMP2
2456,EMP3
2457,SLC12A2
2458,SLC12A3
2459,AQP5
2460,F2RL1
2461,AQP4
2462,GP2
2463,CDH12
2464,LIM2
2465,P2RX3
2466,CLDN15
2467,CLDN6
2468,CLDN8
2469,CLDN18
2470,CLDN20
2471,SLC37A1
2472,SLC8A3
2473,CLDN2
2474,OR1D5
2475,OR2B6
2476,OR4D2
2477,OR10A3
2478,OR12D2
2479,ANTXR2
2480,CLRN1
2481,EVA1C
2482,TAS2R38
2483,TAS2R39
2484,TAS2R46
2485,TAS2R30
2486,TAS2R19
2487,TAS2R20
2488,OR2B8P
2489,PLP1
2490,ERVFC1
2491,ERVFRD-1
2492,ERVPABLB-1
2493,ZP1
2494,GPR85
2495,ERVS71-1
2496,ERVK-21
2497,ERVK-24
2498,ERVK-7
2499,ERVK-25
2500,TSPAN5
2501,CACNG7
2502,ASIC1
2503,ABCA4
2504,CLDN10
2505,PHEX
2506,FAM189B
2507,SLC7A9
2508,CRB1
2509,TMPRSS15
2510,SCN7A
2511,ATP2B2
2512,RHAG
2513,MUC3A
2514,FOLH1
2515,ZP2
2516,CACNG1
2517,SLC34A1
2518,ENPEP
2519,CD69
2520,SCN1B
2521,SLC3A1
2522,DDR1
2523,SLC20A2
2524,ADCY2
2525,SLC38A11
2526,SIGLEC14
2527,NIPAL4
2528,TMEM62
2529,SCAP
2530,SLC10A2
2531,TSPAN31
2532,BAMBI
2533,SLC13A2
2534,CLN3
2535,BTN1A1
2536,TCIRG1
2537,ART3
2538,SERINC3
2539,GPR50
2540,OR5I1
2541,OR2F1
2542,CDH18
2543,ATP1A4
2544,CACNA1C
2545,CEACAM7
2546,SCARB2
2547,SCARF1
2548,LY6D
2549,EMR1
2550,GPR18
2551,KCNJ12
2552,SCN5A
2553,SSPN
2554,SLC17A1
2555,KIR2DS3
2556,KIR2DS5
2557,SLC10A1
2558,TMEM132D
2559,CLCA4
2560,TMEM132B
2561,P2RY6
2562,AGER
2563,EBP
2564,PTPRR
2565,P2RY14
2566,OR1Q1
2567,OR8G2
2568,OR4D1
2569,OR8G1
2570,OR1C1
2571,OR8B8
2572,OR7A5
2573,GPR68
2574,GPR19
2575,SLC14A2
2576,SCN9A
2577,SLC15A2
2578,GPR162
2579,LY6E
2580,KCNMB1
2581,SYPL1
2582,SGCA
2583,PRSS8
2584,MOG
2585,ATP2B3
2586,MEP1A
2587,MEP1B
2588,PTPRO
2589,PTPRN
2590,AOC3
2591,FAM187B
2592,ECSCR
2593,SLC5A12
2594,CLEC12B
2595,GSG1
2596,MPEG1
2597,ABCB5
2598,SLC5A9
2599,PRTG
2600,SLC4A8
2601,LPPR5
2602,PTCHD3
2603,TMEM95
2604,SLC10A6
2605,CEACAM21
2606,GRAMD1B
2607,DPCR1
2608,KIAA1644
2609,LRIT3
2610,ZACN
2611,SLC36A2
2612,SLC36A3
2613,MMEL1
2614,NRN1L
2615,SV2C
2616,GPR33
2617,NKAIN1
2618,SLC22A6
2619,ATP13A5
2620,SLC39A12
2621,LRRC24
2622,SEZ6
2623,SLC44A4
2624,TM4SF20
2625,SPRN
2626,SLC45A4
2627,UMODL1
2628,IGSF11
2629,PRRT3
2630,XKR3
2631,TMEM67
2632,OR2B11
2633,OR10J3
2634,TMEM255A
2635,SIRPB2
2636,GLRA4
2637,EPHA10
2638,RNFT1
2639,FFAR4
2640,SLC10A5
2641,LY6G6F
2642,MUC21
2643,C1orf101
2644,NCMAP
2645,TMEM63B
2646,ABCC10
2647,GJC2
2648,ZFYVE27
2649,GPRC6A
2650,GPR158
2651,OR2G6
2652,GPR157
2653,LRRC38
2654,VSIG8
2655,NUP210L
2656,KIAA0319
2657,ATRNL1
2658,SUSD4
2659,NKAIN2
2660,MALRD1
2661,IZUMO3
2662,ANO1
2663,MUC17
2664,LMBRD2
2665,RNF43
2666,ERVK-6
2667,SLC6A19
2668,GPR139
2669,TMEM225
2670,TMEM211
2671,OR5M10
2672,OR4C11
2673,OR4F3
2674,OR2T5
2675,OR2T2
2676,OR2A2
2677,OR52W1
2678,OR4A47
2679,OR10K2
2680,OR52E8
2681,OR6B2
2682,OR7E24
2683,PTCRA
2684,ANO7
2685,SLC8B1
2686,HEPHL1
2687,MFSD5
2688,C11orf87
2689,TCTN3
2690,MFSD12
2691,GPR153
2692,NIPAL1
2693,RGMB
2694,PLB1
2695,NIPAL3
2696,SLC39A4
2697,FAM171B
2698,TMEM154
2699,GJB7
2700,LILRA6
2701,TRAT1
2702,GPR179
2703,SLC2A7
2704,CD200R1L
2705,GPR133
2706,SLC22A25
2707,OPN5
2708,SLC4A10
2709,PLET1
2710,ATRAID
2711,CD164L2
2712,KIRREL2
2713,LYPD4
2714,LYPD5
2715,ENPP6
2716,MPZL3
2717,LMBR1L
2718,LAYN
2719,PLXDC2
2720,LYPD8
2721,LYPD2
2722,CLEC4G
2723,MAMDC4
2724,MFSD7
2725,BTNL3
2726,TMEM108
2727,CD300LG
2728,BTNL9
2729,ISLR2
2730,LRIG3
2731,CLEC9A
2732,GSG1L
2733,GFRAL
2734,TMIGD1
2735,CEACAM20
2736,DLK2
2737,LINGO4
2738,DCHS2
2739,SLC36A4
2740,TMEM184A
2741,SPNS3
2742,SLC39A5
2743,GLDN
2744,FRRS1
2745,PQLC2
2746,TMEM182
2747,CATSPERG
2748,CLEC17A
2749,SHISA6
2750,SLC16A12
2751,MFSD6
2752,CDHR3
2753,TMEM26
2754,KIAA1549L
2755,HFE2
2756,PTCHD4
2757,SLC24A5
2758,PGAP1
2759,TRIL
2760,SV2B
2761,LINGO2
2762,SLC26A9
2763,OTOP1
2764,OTOP2
2765,OTOA
2766,TAS1R3
2767,TAS1R1
2768,PRSS41
2769,LPPR4
2770,SLC36A1
2771,ERMP1
2772,ATG9A
2773,LYSMD3
2774,GPR155
2775,SLC46A3
2776,OR2W3
2777,TMC7
2778,CSMD2
2779,KCNK18
2780,PKD1L2
2781,MDGA2
2782,VN1R4
2783,GPR142
2784,GPR141
2785,CEACAM19
2786,VTCN1
2787,LHFPL4
2788,GPR144
2789,TMEM179B
2790,DSG4
2791,MRGPRG
2792,MRGPRE
2793,GPR149
2794,EMR4P
2795,GPR123
2796,ILDR1
2797,TMPRSS11B
2798,TMEM150A
2799,TMEM110
2800,C14orf37
2801,TSPAN33
2802,SLCO6A1
2803,ABCA12
2804,EVC2
2805,RTN4RL1
2806,RTN4RL2
2807,CDH24
2808,CUZD1
2809,ABCA13
2810,SLC51A
2811,SLC51B
2812,TRABD2A
2813,GPR180
2814,SERINC5
2815,VSIG10L
2816,TPRA1
2817,KCNMB4
2818,UNC93A
2819,LHFPL1
2820,AMIGO3
2821,VSIG1
2822,PRIMA1
2823,GPR97
2824,NRROS
2825,LDLRAD3
2826,TMPRSS6
2827,ABCA9
2828,SPPL2C
2829,GPIHBP1
2830,SLC41A1
2831,SLC22A9
2832,IGDCC3
2833,SPNS2
2834,VSTM4
2835,SLC44A2
2836,MFSD6L
2837,CNTN4
2838,OR4N5
2839,CDH26
2840,SLC15A3
2841,IZUMO1
2842,SLC22A15
2843,NALCN
2844,GPR115
2845,GPR114
2846,GPR113
2847,GPR112
2848,GPR111
2849,KIRREL3
2850,OR4N4
2851,OR8I2
2852,VSIG10
2853,OR5AS1
2854,SLC34A3
2855,TMEM123
2856,ABCA6
2857,OR8H3
2858,OR6V1
2859,GPC2
2860,OR8H2
2861,GABRG1
2862,DYNAP
2863,LYPD1
2864,OR2L13
2865,SLC43A2
2866,MUC15
2867,GPR137C
2868,TMEM132C
2869,SVOPL
2870,MFSD4
2871,RPRML
2872,SLC44A3
2873,FAM26E
2874,MS4A15
2875,DPP10
2876,OR2C3
2877,SLC5A8
2878,SLC15A4
2879,CLDN19
2880,GPR161
2881,TMEM217
2882,PLD5
2883,CLDN22
2884,SIGLECL1
2885,NKAIN3
2886,LSMEM1
2887,LRTM2
2888,MFSD2A
2889,SLC43A3
2890,TMEM178A
2891,UBAC2
2892,TP53I13
2893,TMEM145
2894,SLC38A9
2895,CLEC1A
2896,KCT2
2897,NETO2
2898,SLC37A3
2899,TMEM116
2900,SLC44A5
2901,GPR26
2902,TMEM104
2903,C19orf18
2904,NFAM1
2905,SLC24A4
2906,GJC3
2907,GPR156
2908,BEST4
2909,BEST2
2910,VN1R2
2911,TSPAN14
2912,OR5T1
2913,OR2T33
2914,OR2T12
2915,OR8G5
2916,OR2L5
2917,OR2M7
2918,OR2M3
2919,OR2AK2
2920,OR2L3
2921,OR13H1
2922,OR11H1
2923,OR7G3
2924,OR2Z1
2925,OR7D4
2926,OR7G2
2927,OR7G1
2928,OR1M1
2929,OR7A2P
2930,GPR32P1
2931,OR10H4
2932,OR10H5
2933,OR4F17
2934,OR4C5
2935,OR4S1
2936,OR4M2
2937,OR4F15
2938,OR4F6
2939,OR5AU1
2940,OR11G2
2941,OR4E2
2942,OR10G2
2943,OR10G3
2944,OR6J1
2945,OR4K17
2946,OR11H6
2947,OR11H7
2948,OR11H4
2949,OR4M1
2950,OR4N2
2951,OR4K2
2952,OR4K5
2953,OR4K1
2954,OR4K14
2955,OR10AD1
2956,OR6C4
2957,OR2AP1
2958,OR10P1
2959,OR10A7
2960,OR9K2
2961,OR4D9
2962,OR9Q2
2963,OR52B6
2964,OR52R1
2965,OR51D1
2966,OR5AP2
2967,OR10W1
2968,OR5B17
2969,OR4B1
2970,OR4X2
2971,OR8J3
2972,OR8J2
2973,OR5T2
2974,OR5T3
2975,OR8H1
2976,OR8K1
2977,OR8B12
2978,OR8A1
2979,OR8B3
2980,OR2D3
2981,OR56A1
2982,OR52L2P
2983,OR52L1
2984,OR56A4
2985,OR52E4
2986,OR52N2
2987,OR56B2P
2988,OR52N4
2989,OR56B1
2990,OR4D11
2991,OR4D10
2992,OR10V1
2993,OR5AN1
2994,OR5A2
2995,OR5A1
2996,OR4D6
2997,OR52H1
2998,OR52E1
2999,OR52E2
3000,OR51L1
3001,OR51A4
3002,OR51A2
3003,OR51S1
3004,OR51T1
3005,OR51G2
3006,OR51G1
3007,OR52B4
3008,OR52K2
3009,OR52K1
3010,OR52M1
3011,OR52I1
3012,OR5D16
3013,OR5L2
3014,OR5D18
3015,OR5L1
3016,OR5D14
3017,OR5D13
3018,OR4A15
3019,OR4P4
3020,OR4C16
3021,OR4C15
3022,OR6M1
3023,OR8D4
3024,OR4D5
3025,OR6T1
3026,OR10S1
3027,OR10G4
3028,OR10G9
3029,OR10G8
3030,OR10G7
3031,OR10D4P
3032,OR4A4P
3033,OR4C13
3034,OR8J1
3035,OR5M9
3036,OR5M3
3037,OR5M8
3038,OR5M1
3039,OR5AR1
3040,OR9G4
3041,OR6Q1
3042,OR1S2
3043,OR10Q1
3044,OR9Q1
3045,OR9I1
3046,OR13A1
3047,OR1L6
3048,OR1K1
3049,OR5C1
3050,OR1L4
3051,OR1B1
3052,OR1L8
3053,OR1N2
3054,OR1N1
3055,OR1J4
3056,OR1J2
3057,OR1J1
3058,OR13F1
3059,OR13C4
3060,OR13C3
3061,OR13C8
3062,OR13C5
3063,OR13C2
3064,OR13C9
3065,OR2K2
3066,OR13J1
3067,OR9A2
3068,OR2A12
3069,OR2A1
3070,OR9A1P
3071,OR9A4
3072,OR2I1P
3073,GPR150
3074,OR2Y1
3075,OR13D1
3076,OR5H6
3077,OR5H2
3078,OR6B3
3079,OR6K6
3080,OR11L1
3081,OR2T34
3082,OR2T35
3083,OR10T2
3084,OR10K1
3085,OR10R2
3086,OR6Y1
3087,OR6P1
3088,OR10X1
3089,OR10Z1
3090,OR6K2
3091,OR6K3
3092,OR6N1
3093,OR6N2
3094,OR10J6P
3095,OR2L8
3096,OR2AJ1
3097,OR14K1
3098,OR13G1
3099,OR2G3
3100,OR2G2
3101,OR6F1
3102,OR2T10
3103,OR2T4
3104,OR2T11
3105,OR2T29
3106,OR2T3
3107,OR2T27
3108,OR4Q3
3109,OR1P1
3110,OR11H2
3111,OR10AC1P
3112,OR8S1
3113,OR8U1
3114,OR2L2
3115,OR5J2
3116,OR10AG1
3117,OR4F5
3118,OR4C3
3119,OR6S1
3120,OR4K15
3121,OR4K13
3122,OR4L1
3123,OR5B3
3124,OR4X1
3125,OR8K5
3126,OR8K3
3127,OR52N1
3128,OR56A3
3129,OR52E5
3130,OR52N5
3131,OR52P1P
3132,OR51Q1
3133,OR52J3
3134,OR51F2
3135,OR51H1P
3136,OR51A7
3137,OR52I2
3138,OR5W2
3139,OR4A16
3140,OR4C6
3141,OR4S2
3142,OR10A6
3143,OR56B4
3144,OR6X1
3145,OR10D3
3146,OR10G6
3147,OR4A5
3148,OR5R1
3149,OR9G1
3150,OR5AK3P
3151,OR5AK2
3152,OR1S1
3153,OR1L3
3154,OR1L1
3155,OR13C6P
3156,OR2AE1
3157,OR2W6P
3158,OR1F12
3159,OR2V1
3160,OR5K1
3161,OR5K2
3162,OR10J5
3163,OR14A16
3164,OR14L1P
3165,OR14C36
3166,OR2T6
3167,KIR2DL5B
3168,MFSD8
3169,C16orf52
3170,LYPD6B
3171,SLC7A14
3172,FNDC9
3173,SYNPR
3174,LPPR1
3175,ADAM32
3176,OR51E1
3177,SLC22A8
3178,STT3B
3179,HM13
3180,GRIN3A
3181,ZPLD1
3182,SLC2A12
3183,DSCAML1
3184,SLC2A14
3185,NETO1
3186,SPACA4
3187,HCAR2
3188,MRGPRD
3189,GPR152
3190,GPBAR1
3191,GPR148
3192,GPR119
3193,TAS1R2
3194,RNF128
3195,SLC37A2
3196,PIGO
3197,GDPD5
3198,CHPT1
3199,LRRN4
3200,SLC38A5
3201,TMEM255B
3202,TMEM171
3203,SECTM1
3204,LMBR1
3205,BTN2A2
3206,ITLN1
3207,ZNRF4
3208,STAB2
3209,SLC13A3
3210,FCAMR
3211,SLC5A11
3212,ABCA5
3213,GPR98
3214,TMEM37
3215,CACNG8
3216,SLC7A3
3217,CNTNAP5
3218,TMEM158
3219,OR8D1
3220,OR5P2
3221,OR5P3
3222,OR1E3
3223,ERVK-8
3224,HERVK_113
3225,PIEZO1
3226,SLC7A6
3227,KIAA0247
3228,TM9SF4
3229,SLC9A6
3230,FCGR1B
3231,PTPRU
3232,PCSK5
3233,EDA
3234,ABCC2
3235,SLC5A5
3236,PTPRN2
3237,ART4
3238,SLC38A4
3239,TAAR8
3240,RELT
3241,TMEM106A
3242,SLAMF9
3243,RGMA
3244,TM4SF18
3245,GPR146
3246,NTNG2
3247,HAVCR1
3248,SHISA4
3249,DISP1
3250,LINGO1
3251,PIK3IP1
3252,SLC47A1
3253,ASIC4
3254,TSPAN17
3255,SLC41A3
3256,TIMD4
3257,VSIG2
3258,ABCC12
3259,ABCC11
3260,LRIG1
3261,CDHR1
3262,SLC41A2
3263,GPR128
3264,MEGF10
3265,MSLNL
3266,OR10C1
3267,BTN2A3P
3268,SUSD3
3269,MRGPRX4
3270,MRGPRX3
3271,MRGPRX2
3272,MRGPRX1
3273,HIAT1
3274,GPR137
3275,SLC6A18
3276,PTCHD1
3277,CNTNAP3B
3278,PVRL4
3279,GPR101
3280,GPR82
3281,OXGR1
3282,GPR78
3283,LRRC3B
3284,OPALIN
3285,FCRL4
3286,TECTB
3287,ERMAP
3288,AQP10
3289,CSMD1
3290,SLC38A2
3291,SLC2A13
3292,LRRC37B
3293,OR5B12
3294,OR5B2
3295,OR2M4
3296,OR2M2
3297,OR2V2
3298,OR2A7
3299,OR2A14
3300,OR2A5
3301,OR14A2
3302,OR4C12
3303,OR4F4
3304,OR4K3
3305,OR1F2P
3306,OR7D2
3307,OR5M11
3308,OR8B4
3309,OR8B2
3310,OR6C1
3311,OR52B2
3312,OR52E6
3313,PANX2
3314,TAAR6
3315,TAAR9
3316,SIGLEC11
3317,SLC26A8
3318,PCNX
3319,SLC22A12
3320,MYADM
3321,SERINC2
3322,TSPAN18
3323,DIRC2
3324,SLC9A7
3325,SCN2A
3326,GML
3327,NPY6R
3328,P2RX4
3329,LPAR4
3330,GPR20
3331,GPR21
3332,GPR22
3333,KIR2DL4
3334,ABCA3
3335,GPA33
3336,TM9SF2
3337,SLC6A7
3338,GABRG3
3339,ADAM2
3340,P2RY13
3341,HEPH
3342,SLC35A5
3343,TMEM204
3344,CRB3
3345,FAIM2
3346,HCAR1
3347,VN1R3
3348,CLEC7A
3349,TLR10
3350,SLC26A6
3351,CACNG6
3352,SLC4A5
3353,SLC46A2
3354,TEX101
3355,GPR87
3356,MFRP
3357,TMPRSS13
3358,CDHR2
3359,ACE2
3360,SLC17A9
3361,ANO3
3362,SLC2A11
3363,ADAM33
3364,CNTNAP3
3365,PCDH11X
3366,PCDH11Y
3367,ABCA2
3368,ACPT
3369,LYNX1
3370,GPR63
3371,GPR62
3372,GPR61
3373,SLC19A3
3374,IMPG2
3375,SLC13A1
3376,CNTNAP4
3377,THSD7B
3378,SLC39A8
3379,OR2B2
3380,OR2H1
3381,OR2J1
3382,OR11A1
3383,OR8D2
3384,GPR88
3385,SLC6A16
3386,VN1R1
3387,CHRNA10
3388,SLC22A4
3389,PCDHAC1
3390,ABCG4
3391,MUC3B
3392,UNC93B1
3393,TRPV6
3394,MEGF9
3395,SLC6A17
3396,OPN3
3397,OR2AG1
3398,OR10A5
3399,OR10A2
3400,OR10A4
3401,OR2D2
3402,P2RY12
3403,CDH23
3404,OR51E2
3405,DCSTAMP
3406,SLC26A1
3407,OR52A5
3408,OR51V1
3409,SLC6A15
3410,ADAM7
3411,MS4A6A
3412,SLC12A5
3413,SLCO5A1
3414,TTYH1
3415,TMEM245
3416,OR51B5
3417,OR51B6
3418,OR51M1
3419,OR51J1
3420,OR51I1
3421,OR51I2
3422,OR52D1
3423,MUC13
3424,SEMA6C
3425,LRRN3
3426,PIEZO2
3427,CLMP
3428,FNDC4
3429,TMEM231
3430,RNF167
3431,LRRC19
3432,ATP13A3
3433,NIPAL2
3434,MANSC1
3435,ZDHHC11
3436,ERVMER34-1
3437,CHODL
3438,CALHM2
3439,SLC52A2
3440,LPHN3
3441,SLC28A3
3442,EDA2R
3443,TRPV4
3444,CDHR5
3445,TMEM27
3446,LRTM1
3447,CDH20
3448,SPACA1
3449,LRRC4
3450,SLC24A3
3451,GPR35
3452,GDPD2
3453,ANKH
3454,ATP13A1
3455,PTPRH
3456,SLC40A1
3457,IL1RAPL2
3458,ABCB9
3459,SLC6A20
3460,SLC39A2
3461,KCNMB3
3462,MMP25
3463,SLCO1B3
3464,NRN1
3465,PCDH12
3466,NOX4
3467,GPR108
3468,C14orf132
3469,ATP13A2
3470,TMEM9B
3471,SLC52A3
3472,EQTN
3473,GPRC5C
3474,ANO2
3475,TRPV5
3476,OR2S2
3477,GPR84
3478,ITM2C
3479,CD163L1
3480,SLC17A5
3481,DUOX2
3482,PCDHB16
3483,SLC2A9
3484,TPSG1
3485,SERINC1
3486,RPRM
3487,GPR173
3488,GPR27
3489,TNFRSF19
3490,SLC7A10
3491,TM7SF3
3492,SLC22A11
3493,IGSF5
3494,PKDREJ
3495,GJB4
3496,GINM1
3497,SLC39A9
3498,TMEM106B
3499,LMBRD1
3500,TMEM140
3501,SLC52A1
3502,RHBDL2
3503,TMEM161A
3504,ERVK13-1
3505,SIDT1
3506,CLDND1
3507,ASIC5
3508,SCN3A
3509,SLC2A8
3510,SCN3B
3511,VNN3
3512,SLC5A4
3513,SLCO1C1
3514,GPR83
3515,FAT2
3516,TAS2R16
3517,TAS2R14
3518,TAS2R10
3519,TAS2R9
3520,TAS2R8
3521,TAS2R7
3522,TAS2R4
3523,TAS2R3
3524,TAS2R1
3525,CALY
3526,SIGLEC8
3527,GPRC5D
3528,GPRC5B
3529,OR6C3
3530,OR6C2
3531,OR5AC2
3532,SLAMF8
3533,CACNA1I
3534,CLEC1B
3535,TAAR2
3536,OR1A1
3537,TMEM63C
3538,SEMA5B
3539,PCDH10
3540,IGSF9
3541,PTCHD2
3542,LRIT1
3543,RHCG
3544,P2RX2
3545,CACNG4
3546,SUCO
3547,SLC9A2
3548,CACNG5
3549,EPHA6
3550,OR14J1
3551,OR5V1
3552,OR12D3
3553,CHRNA9
3554,CD300A
3555,SLC2A6
3556,NPC1L1
3557,SLC23A1
3558,OPN4
3559,SCN11A
3560,SLC24A2
3561,TMEFF2
3562,GGT7
3563,GPR160
3564,CDH22
3565,ENPP5
3566,LAMP5
3567,AJAP1
3568,ADAM30
3569,ADAM29
3570,SLC13A4
3571,ERVK-9
3572,PILRB
3573,ADAM21
3574,OR52A1
3575,GJD2
3576,MUC12
3577,ADAM28
3578,TRHDE
3579,PRND
3580,TMPRSS11E
3581,EMCN
3582,RNF150
3583,TPCN1
3584,CA14
3585,MMP17
3586,SLC45A2
3587,ATP1B4
3588,PCDHB8
3589,PCDHB10
3590,PCDHA7
3591,PCDHA4
3592,PCDHA12
3593,SLC6A14
3594,EDAR
3595,ABCG2
3596,SLC12A4
3597,GPR34
3598,FLVCR2
3599,SLC8A2
3600,SORCS3
3601,IGSF9B
3602,SCN8A
3603,ERVW-1
3604,NAALADL1
3605,SLC22A13
3606,SLC22A14
3607,SLC5A6
3608,TLR6
3609,GPR52
3610,OR2W1
3611,SIT1
3612,ADAM18
3613,ZAN
3614,OR10H1
3615,OR1A2
3616,PCDHB9
3617,PCDHB7
3618,PCDHB6
3619,PCDHB5
3620,PCDHB4
3621,PCDHB3
3622,PCDHB2
3623,PCDHB15
3624,PCDHB14
3625,PCDHB13
3626,PCDHB12
3627,PCDHB11
3628,PCDHB1
3629,PCDHGC4
3630,PCDHGB6
3631,PCDHGB3
3632,PCDHGB2
3633,PCDHGA7
3634,PCDHGA6
3635,PCDHGA5
3636,PCDHGA4
3637,PCDHGA3
3638,PCDHGA2
3639,PCDHGA11
3640,PCDHGA10
3641,PCDHGA1
3642,PCDHA9
3643,PCDHA8
3644,PCDHA5
3645,PCDHA3
3646,PCDHA2
3647,PCDHA13
3648,PCDHA1
3649,PCDHAC2
3650,CLDN16
3651,OR51B4
3652,OR51B2
3653,CORIN
3654,FLVCR1
3655,GPR45
3656,BACE2
3657,GPC6
3658,KCNMB2
3659,SLC22A7
3660,CACNG2
3661,MRVI1
3662,SLCO1B1
3663,PRSS21
3664,SLC30A1
3665,SLC4A4
3666,ATP2B1
3667,DLG1
3668,ANK3
3669,KCNQ1
3670,VAMP8
3671,CHMP4A
3672,CAV1
3673,VAMP3
3674,RAB10
3675,CAV3
3676,CHMP4B
3677,CLCN3
3678,SLC9A4
3679,VAMP2
3680,RAB3A
3681,FLOT1
3682,ESYT2
3683,EHD3
3684,ATP2C2
3685,SNAP25
3686,SNAP29
3687,TRARG1
3688,CHMP4C
3689,KCNH2
3690,SPPL3
3691,ATP7A
3692,CHMP2A
3693,ZDHHC2
3694,PALM
3695,CHMP1B
3696,CHMP6
3697,RAB7A
3698,SPTBN1
3699,VAMP7
3700,VPS4A
3701,ABCB6
3702,ANXA13
3703,ANK2
3704,ANXA2
3705,RAB8A
3706,SLC27A1
3707,B4GALT1
3708,CHMP3
3709,CHMP5
3710,FLOT2
3711,MYO1C
3712,NSG1
3713,OTOF
3714,PICALM
3715,SCAMP1
3716,SCAMP5
3717,STEAP2
3718,VMP1
3719,AP2M1
3720,EHD1
3721,TSPO2
3722,IQGAP1
3723,ADCY8
3724,CHMP2B
3725,KCNC2
3726,KCNE5
3727,PGRMC1
3728,SLC30A5
3729,SLC38A3
3730,STX3
3731,GRAMD1A
3732,CFTR
3733,CTNNB1
3734,PDZK1
3735,BCL2L1
3736,CHMP1A
3737,DMD
3738,KCNE1
3739,LIN7B
3740,MYMX
3741,VTI1B
3742,SNAP23
3743,DYSF
3744,PDPN
3745,FER1L5
3746,GRAMD2A
3747,KCNA5
3748,LITAF
3749,STX4
3750,VAMP1
3751,VAMP4
3752,AKAP5
3753,LRRK2
3754,KCNJ2
3755,CHMP7
3756,DNM2
3757,KCNE2
3758,MAL
3759,MARCHF1
3760,RAB6A
3761,SYT1
3762,TMED10
3763,VAPA
3764,VAPB
3765,KCNC1
3766,STOM
3767,MSN
3768,STX1A
3769,SYNE2
3770,ATP2A2
3771,PLD1
3772,ABHD17A
3773,AP2A2
3774,AP2B1
3775,CASK
3776,GOLGA7
3777,LAPTM4B
3778,LIN7C
3779,NKD2
3780,PPP3CA
3781,RAB14
3782,RAP2A
3783,STX17
3784,TRPM4
3785,USP6NL
3786,ZDHHC22
3787,PRKCZ
3788,ARF6
3789,MYO1A
3790,RAB13
3791,AP2S1
3792,ARL6IP5
3793,ATP2C1
3794,ATP6V0A4
3795,ATP6V0C
3796,EFCAB7
3797,HCN1
3798,HIP1R
3799,HSP90AA1
3800,KCNA1
3801,MREG
3802,PACSIN1
3803,PRTN3
3804,RAB21
3805,RAB35
3806,SLC9B2
3807,SYT7
3808,TRPV1
3809,JUP
3810,PLPP3
3811,SCAMP4
3812,AKT1
3813,ATP4A
3814,COPB1
3815,FXYD1
3816,HAS2
3817,IGSF21
3818,JPH1
3819,JPH2
3820,KCNH1
3821,KCNJ8
3822,LIN7A
3823,PICK1
3824,RAB11A
3825,RAB5A
3826,RAB8B
3827,TLCD1
3828,TLCD2
3829,TMBIM1
3830,PACSIN2
3831,FYN
3832,RAB27B
3833,RDX
3834,PALS1
3835,ATP6V1B1
3836,EHD2
3837,OSCP1
3838,GRAMD1C
3839,ANK1
3840,BCAP31
3841,C2CD2L
3842,CAV2
3843,CLDN5
3844,CLIP3
3845,ENSG00000254692
3846,GUCY2D
3847,HCN4
3848,PRKCI
3849,RAC1
3850,SCRIB
3851,SLC16A10
3852,SLC17A3
3853,STAC
3854,SYT11
3855,SYTL4
3856,TMC6
3857,TRPM2
3858,VPS4B
3859,ERBIN
3860,MYH9
3861,LRRC8C
3862,SLC9A5
3863,OCLN
3864,LAMTOR1
3865,TRDN
3866,ZDHHC20
3867,AKT2
3868,AP1M1
3869,AQP7
3870,ATP6V0A1
3871,ATP6V1B2
3872,ATP7B
3873,BAIAP2L2
3874,CTSL
3875,DNAJC5
3876,ITPR1
3877,JPH3
3878,KCNC3
3879,MARCHF2
3880,MGST1
3881,MTCL1
3882,NEU3
3883,RAB5B
3884,RAPGEF3
3885,RAPGEF6
3886,RER1
3887,RFTN1
3888,SLC16A2
3889,SPTA1
3890,VPS37B
3891,MICALL1
3892,STX1B
3893,MUC20
3894,SURF4
3895,AHNAK
3896,EFR3A
3897,FLNA
3898,CYBRD1
3899,DTNBP1
3900,EXOC1
3901,ASPSCR1
3902,LYN
3903,ABCC6
3904,ATP6V0D1
3905,C16orf92
3906,CNIH2
3907,DMPK
3908,FERMT2
3909,HCN2
3910,HVCN1
3911,JPH4
3912,KCNJ10
3913,KCNJ11
3914,KCNJ5
3915,MPP2
3916,MS4A4A
3917,RAB31
3918,SLC4A11
3919,SLC9C2
3920,SNTA1
3921,SNX18
3922,STING1
3923,STXBP3
3924,SYT9
3925,ZNRF2
3926,BORCS5
3927,BIN2
3928,PLSCR1
3929,TJP1
3930,EHD4
3931,OCRL
3932,CLTRN
3933,RAB26
3934,RHOA
3935,RILPL1
3936,RIMS2
3937,ROM1
3938,SRC
3939,FGR
3940,SLC4A2
3941,SLC9A3R2
3942,ABHD17C
3943,ABHD6
3944,AP1G1
3945,ATP10B
3946,ATP13A4
3947,ATP6V0D2
3948,ATP6V1A
3949,C2CD5
3950,CIB1
3951,CPLX3
3952,DEGS1
3953,ESYT1
3954,PDE2A
3955,PRRT2
3956,SEC16A
3957,SLC27A5
3958,SLC30A2
3959,SLC7A11
3960,TRPM8
3961,VPS13A
3962,WLS
3963,ZDHHC17
3964,RGS7BP
3965,EPB41L3
3966,NUMB
3967,NRAS
3968,AJM1
3969,EPB41
3970,MARCKS
3971,APPL1
3972,STOML2
3973,AP2A1
3974,ATAD1
3975,CALM3
3976,CHP1
3977,CLCN4
3978,CLTC
3979,CORO1C
3980,EXOC2
3981,EXOC8
3982,GBA2
3983,GBP1
3984,HRAS
3985,HSPA8
3986,ITPR2
3987,KCNE4
3988,KCNJ16
3989,KCNJ9
3990,LAPTM5
3991,LDLRAP1
3992,MLC1
3993,ORAI1
3994,PAQR6
3995,PARD6G
3996,PDZD11
3997,PPP1R9B
3998,RAB17
3999,RAB40C
4000,RAP2B
4001,RHBG
4002,RHOG
4003,RIMS1
4004,RNF103-CHMP3
4005,ROCK1
4006,SCIMP
4007,SLC9A9
4008,SPEF1
4009,ST14
4010,TMC8
4011,TOM1
4012,UBB
4013,DAB2
4014,UTRN
4015,RAPSN
4016,STX2
4017,TMEM266
4018,EFR3B
4019,ABCG1
4020,ACSL1
4021,ACSL3
4022,AGTRAP
4023,AHCYL1
4024,APPL2
4025,ARC
4026,ATP10D
4027,ATP11B
4028,ATP6V0E2
4029,ATP9A
4030,C1QTNF5
4031,CNST
4032,DENND4C
4033,DNAJC13
4034,EPM2A
4035,EXOC4
4036,GGA1
4037,GOLPH3
4038,ITPR3
4039,KCNN2
4040,MCEMP1
4041,MRAP
4042,MTSS2
4043,MYMK
4044,NALF1
4045,NEU4
4046,NSF
4047,PI4K2A
4048,PLSCR2
4049,PLSCR3
4050,PLSCR4
4051,PRKG2
4052,PRRT1
4053,RAB44
4054,RAB4A
4055,SHANK2
4056,SLC48A1
4057,SNX5
4058,STBD1
4059,STX19
4060,SYAP1
4061,SYNDIG1
4062,TMEM88
4063,TRIM72
4064,TSG101
4065,TVP23A
4066,WHAMM
4067,YKT6
4068,TTC7B
4069,EXOC7
4070,EPB41L5
4071,EPB41L2
4072,RAB11FIP5
4073,CACNA1D
4074,CLTB
4075,GOPC
4076,MAGI1
4077,MS4A12
4078,SMIM9
4079,SPTBN2
4080,SYT4
4081,AAK1
4082,AQP11
4083,BAIAP2
4084,CLIC1
4085,EVA1A
4086,MGAM
4087,AKAP7
4088,AMER2
4089,AMER3
4090,ARL8A
4091,ATP6V1E1
4092,BTNL8
4093,CALHM3
4094,CALM1
4095,CLEC4C
4096,CLEC4D
4097,CLTA
4098,CNP
4099,DOK3
4100,FCN1
4101,FMR1
4102,GGA3
4103,HPN
4104,HYCC2
4105,IDE
4106,INPP5D
4107,KCNAB2
4108,KCNT2
4109,KIF13A
4110,KRAS
4111,LAMTOR2
4112,LAMTOR3
4113,LLGL1
4114,MAL2
4115,MARVELD2
4116,MRAP2
4117,MS4A3
4118,MS4A7
4119,MVB12B
4120,NKG7
4121,NUMA1
4122,OSBPL6
4123,PIK3R1
4124,PLAAT3
4125,PLPP6
4126,PTPN3
4127,RAB18
4128,RAB38
4129,RAB9A
4130,RAC2
4131,RANGRF
4132,RAP1A
4133,RHOQ
4134,RYR1
4135,SIGMAR1
4136,SLC4A3
4137,SLMAP
4138,SMIM23
4139,SNCA
4140,SNX33
4141,SPTBN4
4142,STX7
4143,STXBP1
4144,SVIP
4145,TAPBP
4146,THEM4
4147,TMC1
4148,TMEM59
4149,UBC
4150,USP8
4151,VPS35L
4152,ZDHHC23
4153,BAIAP2L1
4154,CAVIN2
4155,SNX9
4156,RAB43
4157,SPHK1
4158,ATP6V1D
4159,CFAP126
4160,APMAP
4161,PPP3R1
4162,PTK2B
4163,SDCBP
4164,CPNE1
4165,CDK5
4166,CNKSR2
4167,SERPINA5
4168,SLC4A9
4169,SNAP91
4170,STX18
4171,CAVIN1
4172,ENOX1
4173,KCNJ15
4174,RYR2
4175,SKAP1
4176,UBA52
4177,ABCC8
4178,ABHD17B
4179,ACP3
4180,ACSL4
4181,ARFRP1
4182,ARL6IP1
4183,ARL8B
4184,ATP5F1A
4185,ATP5F1B
4186,BRI3
4187,C9
4188,CD207
4189,CLASP2
4190,CLPTM1
4191,CNIH3
4192,CTSK
4193,CYTH3
4194,ENTREP1
4195,EXOC1L
4196,GAA
4197,GOLGA4
4198,KCNC4
4199,KCNK9
4200,MAGI2
4201,MGST2
4202,MOSPD3
4203,MS4A14
4204,NID1
4205,OCA2
4206,OSBPL2
4207,PATJ
4208,PLEKHA1
4209,PLPP1
4210,PLPPR4
4211,PLSCR5
4212,PTEN
4213,RAB15
4214,RFFL
4215,RIC8A
4216,SLC22A18
4217,SLC25A14
4218,SLC25A4
4219,SLC27A2
4220,SLC27A4
4221,STOML3
4222,SYT10
4223,SYTL1
4224,TMBIM6
4225,TMC3
4226,VPS28
4227,CLDN23
4228,RAPGEF2
4229,IQCE
4230,NDC1
4231,TRPM1
4232,BEST1
4233,ECRG4
4234,KIF5B
4235,SMPD4
4236,GGA2
4237,PGRMC2
4238,TTC17
4239,AQP3
4240,CLCN5
4241,DBNL
4242,MFSD4B
4243,MIEN1
4244,PDZD3
4245,PIP5K1A
4246,SNX15
4247,TMEM65
4248,TRPC7
4249,FER1L6
4250,ACSL5
4251,ADGRA3
4252,ADGRE1
4253,ADGRL4
4254,AP1G2
4255,AQP6
4256,ARFIP2
4257,ATAD3B
4258,ATG9B
4259,ATP6V1C1
4260,BAIAP3
4261,C2CD6
4262,C8A
4263,CACNB2
4264,CACNB4
4265,CHRFAM7A
4266,CLDN14
4267,CLDN17
4268,CMTM6
4269,CNKSR3
4270,CPE
4271,CRISP1
4272,CTSB
4273,DCST1
4274,DLG2
4275,DMTN
4276,DST
4277,DSTYK
4278,EPPK1
4279,F11
4280,FCHO2
4281,FGF13
4282,FNBP1L
4283,FRMPD2
4284,FXYD2
4285,FYB2
4286,GEM
4287,GNAI3
4288,GNAT1
4289,GRIP1
4290,HAX1
4291,IFITM3
4292,INPP5K
4293,IRGM
4294,ITGB1BP1
4295,KCNH6
4296,KCNJ1
4297,KCNJ14
4298,KCNJ18
4299,KCNMA1
4300,KCTD8
4301,KLKB1
4302,KLRC4
4303,LPCAT2
4304,LRRC8B
4305,LRRC8D
4306,LRRC8E
4307,MAP7
4308,MCOLN3
4309,MMP24
4310,MS4A13
4311,MS4A18
4312,MS4A5
4313,MS4A6E
4314,MS4A8
4315,MYO6
4316,NBEA
4317,NEDD4
4318,NOD1
4319,ORMDL3
4320,PAQR5
4321,PAQR7
4322,PAQR8
4323,PAQR9
4324,PARK7
4325,PDZD8
4326,PHACTR2
4327,PHB2
4328,PIP4P1
4329,PIP4P2
4330,PTP4A1
4331,RAB23
4332,RAB27A
4333,RAB3B
4334,RAB3IP
4335,RAP2C
4336,RGP1
4337,RGS1
4338,RGS2
4339,RHEB
4340,RHOD
4341,RPH3A
4342,RPS27A
4343,RS1
4344,RSC1A1
4345,RTBDN
4346,RTN4
4347,SEC23A
4348,SLC24A1
4349,SLC26A7
4350,SLC30A3
4351,SLC30A4
4352,SLC35G1
4353,SLC47A2
4354,SLC9A8
4355,SMIM1
4356,SNAP47
4357,SPACA3
4358,SPATA46
4359,STAC2
4360,STAC3
4361,STX6
4362,STX8
4363,SYNGR1
4364,SYNJ2
4365,SYT2
4366,SYT5
4367,TICAM2
4368,TMEM120A
4369,TMEM74
4370,TNK2
4371,TRPC4
4372,TRPC5
4373,TRPM6
4374,XK
4375,YWHAE
4376,ZDHHC3
4377,BASP1
4378,PIGN
4379,PIGW
4380,AMER1
4381,SLC31A2
4382,ASAP2
4383,COG3
4384,MACF1
4385,CAMK2D
4386,CEMIP
4387,KCNJ13
4388,P2RX5
4389,DNAJC1
4390,CNGA4
4391,PDPK1
4392,ADGRG2
4393,CNGA1
4394,DIAPH1
4395,GNAS
4396,IQGAP2
4397,KCNK6
4398,KCNN4
4399,PAG1
4400,PARD3
4401,RGS8
4402,TCAF2
4403,APC
4404,ARRB2
4405,CNGB1
4406,KCNAB1
4407,KTN1
4408,RRP12
4409,SEPTIN2
4410,ACSL6
4411,ADGRG3
4412,ADGRG7
4413,ALPK2
4414,ANXA6
4415,BLTP1
4416,BLTP2
4417,BLZF1
4418,C1orf210
4419,CA9
4420,CAMKV
4421,CBARP
4422,CCDC88A
4423,CDC42
4424,CMKLR2
4425,DNAJA3
4426,DNM1
4427,DRAM2
4428,ECE2
4429,ELAPOR1
4430,EXOC5
4431,FARP1
4432,FRMPD1
4433,GAPT
4434,GPR135
4435,HK2
4436,HPCA
4437,HSPD1
4438,KCTD12
4439,KCTD16
4440,MARCHF7
4441,MBLAC2
4442,MINAR1
4443,MS4A10
4444,MS4A4E
4445,NAPG
4446,OPN1MW3
4447,ORAI3
4448,PACSIN3
4449,PIK3CB
4450,PJA2
4451,PLEK2
4452,PLGRKT
4453,RAB3C
4454,RAB3D
4455,RALA
4456,RBSN
4457,RYR3
4458,SHROOM4
4459,SLC10A7
4460,SLC25A5
4461,SLC50A1
4462,SPACA6
4463,SPATA13
4464,STK39
4465,STOML1
4466,STXBP5
4467,TM7SF2
4468,TMEM11
4469,TMEM147
4470,TMEM41B
4471,TMPRSS11A
4472,TRPV3
4473,ZDHHC21
4474,ZDHHC4
4475,NF2
4476,PLPP2
4477,SRPRB
4478,TMC5
4479,PARD6A
4480,SLC30A8
4481,SLC38A6
4482,SORBS1
4483,MMP15
4484,ADD2
4485,CTNNA1
4486,CYTH2
4487,TIAM1
4488,WDFY3
4489,FCHSD2
4490,PROS1
4491,SACM1L
4492,SLC25A31
4493,CD2AP
4494,INPP4A
4495,SYNJ1
4496,ADGRF1
4497,ANKRD27
4498,HCK
4499,LAX1
4500,MPIG6B
4501,NPHS2
4502,RAPGEF4
4503,REEP2
4504,EPB41L4B
4505,EVC
4506,EXOC3
4507,IFITM5
4508,PDE6A
4509,STIM2
4510,ADGRE3
4511,ADGRV1
4512,AGPAT2
4513,AGPAT3
4514,ARL6
4515,ARRB1
4516,ASPH
4517,ATP6V1G1
4518,ATP8B3
4519,BBS1
4520,BBS2
4521,CACNA1H
4522,CALHM1
4523,CAPN2
4524,CARD11
4525,CH25H
4526,CKAP4
4527,CLDND2
4528,CLEC4E
4529,CLEC6A
4530,CLPTM1L
4531,COLEC12
4532,COMMD1
4533,CSK
4534,CYB5R1
4535,DDN
4536,DSP
4537,DTNB
4538,ENSG00000263620
4539,ENSG00000283952
4540,ENTPD2
4541,EPB42
4542,EPN3
4543,FGD2
4544,FGD5
4545,FOLR3
4546,FRMPD3
4547,FUT1
4548,GAL3ST1
4549,GLIPR1L1
4550,GNA12
4551,GOLGA7B
4552,GOLM1
4553,GOLPH3L
4554,GORASP1
4555,GPD1L
4556,GPHN
4557,GRIP2
4558,GUCY2F
4559,HAS1
4560,HCN3
4561,HECTD1
4562,HGSNAT
4563,HS3ST3B1
4564,HS6ST1
4565,IFI6
4566,IFITM10
4567,IFITM2
4568,IKBKB
4569,INPP5E
4570,KCND1
4571,KCNJ6
4572,KCNK3
4573,KCNN1
4574,KSR1
4575,LPCAT1
4576,LRBA
4577,LRRC8A
4578,LYPLA1
4579,MALL
4580,MAP4K2
4581,MARK2
4582,MCC
4583,MMD
4584,MOSMO
4585,MPP1
4586,MPP3
4587,MSMO1
4588,MYO1G
4589,NALF2
4590,NAPA
4591,NCEH1
4592,NDUFC2
4593,NISCH
4594,NOS3
4595,NOSTRIN
4596,NOX5
4597,OSBPL5
4598,OTOG
4599,OTOP3
4600,PCSK9
4601,PDE6B
4602,PGAP6
4603,PI4K2B
4604,PIGU
4605,PIP5K1C
4606,PLA2G4C
4607,PLA2G4E
4608,PLEKHO1
4609,PPP3CB
4610,RAB34
4611,RAB9B
4612,RASA3
4613,RCE1
4614,RIPOR2
4615,RRAS2
4616,RTN2
4617,SCFD1
4618,SCYL2
4619,SERPINB6
4620,SGMS2
4621,SHC4
4622,SLC35A1
4623,SLC35G2
4624,SLC9C1
4625,SMAGP
4626,SNF8
4627,SNX27
4628,SPART
4629,SPIRE2
4630,SRI
4631,STX11
4632,SUN3
4633,SYT6
4634,SYTL3
4635,TCAF1
4636,TESC
4637,TMC2
4638,TMC4
4639,TMEM43
4640,TMEM97
4641,TRAF3IP3
4642,TSPAN19
4643,TSPAN32
4644,TTC8
4645,UBR4
4646,VPS35
4647,WNK3
4648,XKR4
4649,XKR5
4650,XKR6
4651,XKR7
4652,XKR9
4653,ZAP70
4654,ERC1
4655,KLHL41
4656,RAF1
4657,RIPK1
4658,TJP2
4659,AFDN
4660,PDE4D
4661,PRKCE
4662,SVIL
4663,TULP3
4664,GNB1
4665,MAPK8IP1
4666,NAIF1
4667,BSND
4668,CDIPT
4669,CHIC2
4670,ENO2
4671,FLNC
4672,GAPDH
4673,GDE1
4674,LIMA1
4675,PAK1
4676,RAB29
4677,SIPA1L3
4678,SNTB2
4679,UCP3
4680,S100A6
4681,ARFGAP2
4682,ERAP1
4683,FA2H
4684,WASF2
4685,DVL1
4686,IFITM1
4687,NUP35
4688,PDE4A
4689,TAPBPL
4690,ADA
4691,AIFM2
4692,ARHGAP21
4693,CARMIL1
4694,CLIC4
4695,CRK
4696,DOCK8
4697,FBXO45
4698,FRMD8
4699,GP9
4700,HYCC1
4701,IRAG2
4702,ITCH
4703,KCNN3
4704,LST1
4705,MAPT
4706,PLCD3
4707,PLEKHA4
4708,PRR7
4709,PRRG4
4710,RHOC
4711,SHROOM2
4712,SMAP1
4713,SYK
4714,TBC1D24
4715,TLN1
4716,USP50
4717,VASP
4718,YES1
4719,ZMYND10
4720,ANKRD13B
4721,ARRDC4
4722,CDK16
4723,FMN2
4724,GNAQ
4725,MYO1B
4726,PARD6B
4727,PPL
4728,PRKCA
4729,PRKD1
4730,RASGRP1
4731,SYTL2
4732,TMUB1
4733,ABHD2
4734,ACTN2
4735,AMPH
4736,ANXA4
4737,AP4M1
4738,ARHGAP44
4739,ARHGEF18
4740,C2orf88
4741,CACNA1E
4742,CALHM4
4743,CCNYL1
4744,CFAP157
4745,CFL1
4746,CLIC5
4747,CPNE3
4748,DCST2
4749,DDOST
4750,DENND1A
4751,DGAT1
4752,DLG3
4753,DLG5
4754,EEA1
4755,ENOX2
4756,EPS8
4757,GAP43
4758,GPLD1
4759,GRID2IP
4760,HMOX2
4761,HSPA5
4762,INPP5B
4763,IYD
4764,KCNK7
4765,MAGI3
4766,MAGT1
4767,MIGA1
4768,MIGA2
4769,MLEC
4770,MPP7
4771,NCKAP1L
4772,NMT1
4773,NOS1
4774,NPDC1
4775,OSBP
4776,OSBPL3
4777,PACS2
4778,PALS2
4779,PERP
4780,PIRT
4781,PKP4
4782,PLD2
4783,PLEKHF1
4784,PLLP
4785,PRCP
4786,PRKCH
4787,PSTPIP2
4788,PTK2
4789,RAB11FIP2
4790,RAB2B
4791,RAB40A
4792,RAB40AL
4793,RAB40B
4794,RABEP1
4795,RALBP1
4796,RGS9
4797,RHOB
4798,RHOV
4799,RNF144A
4800,RNF5
4801,ROBO4
4802,RTP1
4803,RTP2
4804,SAMD8
4805,SDHB
4806,SLC17A4
4807,SLC25A13
4808,SLC26A11
4809,SLC7A7
4810,SMPD3
4811,SPARC
4812,SPTAN1
4813,SPTB
4814,STYK1
4815,SYNJ2BP
4816,TMEM119
4817,TMEM163
4818,TMPRSS9
4819,TPTE2
4820,TRAPPC4
4821,XKR8
4822,FXYD3
4823,GAPVD1
4824,LPIN1
4825,RAB25
4826,RHCE
4827,RHD
4828,SMCO3
4829,CDC42EP1
4830,GPRIN1
4831,PALM3
4832,PTK6
4833,PTPN4
4834,YIPF4
4835,DYNC1LI1
4836,FADS2
4837,OGT
4838,ATP23
4839,ATP5PO
4840,ATP6V1H
4841,GCA
4842,IGHA2
4843,NDRG4
4844,BRAF
4845,ACY3
4846,AP3S2
4847,ERLIN2
4848,HTRA2
4849,IGHA1
4850,IGLC3
4851,NEDD9
4852,PKP2
4853,CCDC93
4854,SCART1
4855,TBC1D30
4856,APBB1IP
4857,ASAH2
4858,C8B
4859,CIP2A
4860,CLCN6
4861,COMMD4
4862,CRTC1
4863,DNAJB4
4864,HCLS1
4865,IGHV5-10-1
4866,IGHV5-51
4867,LCP1
4868,PGAP3
4869,SEC16B
4870,SMURF1
4871,STRN3
4872,UBAP1
4873,ALDH3B1
4874,ARHGAP45
4875,COQ8B
4876,CTNND1
4877,DUOXA2
4878,GNB2
4879,IPCEF1
4880,PLEKHN1
4881,RRAD
4882,SWAP70
4883,A4GALT
4884,ACTB
4885,ADCY1
4886,ADCY10
4887,ADGRD1
4888,ADGRG4
4889,AJUBA
4890,AKR1A1
4891,ALOX15
4892,AMOT
4893,ANKRD13A
4894,APCDD1L
4895,ARAP1
4896,ARL3
4897,ARSA
4898,ASIC2
4899,AURKA
4900,AXIN1
4901,BAG4
4902,BLK
4903,C14orf180
4904,C6orf89
4905,CACNA1A
4906,CACNA1B
4907,CACNA1S
4908,CALHM6
4909,CALM2
4910,CANT1
4911,CARMIL2
4912,CD8B2
4913,CLDN25
4914,CLDN34
4915,CLEC10A
4916,CLEC4A
4917,CLEC4F
4918,CNGA2
4919,CNGA3
4920,CPO
4921,CPTP
4922,CRACR2A
4923,CSMD3
4924,CYLD
4925,CYS1
4926,CYTH4
4927,DEF6
4928,DGKI
4929,DVL2
4930,DYNLL1
4931,EEF1A1
4932,EEF1AKMT4-ECE2
4933,ELAPOR2
4934,ENSG00000173366
4935,ENSG00000197991
4936,ENSG00000275063
4937,ENTPD8
4938,ERRFI1
4939,EXOC6
4940,FAM107A
4941,FER
4942,FERMT1
4943,FES
4944,FRS3
4945,FXYD6
4946,GABARAP
4947,GNAT3
4948,GORASP2
4949,GPAM
4950,GPSM1
4951,GPSM2
4952,GSG1L2
4953,GYPB
4954,GYPE
4955,HJV
4956,HMGCR
4957,IFIT5
4958,IGHE
4959,IGHV1-18
4960,IGHV1-2
4961,IGHV1-24
4962,IGHV1-3
4963,IGHV1-45
4964,IGHV1-46
4965,IGHV1-58
4966,IGHV1-69
4967,IGHV1-69-2
4968,IGHV1-69D
4969,IGHV2-26
4970,IGHV2-5
4971,IGHV2-70
4972,IGHV2-70D
4973,IGHV3-11
4974,IGHV3-13
4975,IGHV3-15
4976,IGHV3-16
4977,IGHV3-20
4978,IGHV3-21
4979,IGHV3-23
4980,IGHV3-30
4981,IGHV3-33
4982,IGHV3-35
4983,IGHV3-38
4984,IGHV3-43
4985,IGHV3-48
4986,IGHV3-49
4987,IGHV3-53
4988,IGHV3-64
4989,IGHV3-64D
4990,IGHV3-66
4991,IGHV3-7
4992,IGHV3-72
4993,IGHV3-73
4994,IGHV3-74
4995,IGHV4-28
4996,IGHV4-31
4997,IGHV4-34
4998,IGHV4-39
4999,IGHV4-4
5000,IGHV4-59
5001,IGHV4-61
5002,IGHV6-1
5003,IGHV7-4-1
5004,IGHV7-81
5005,IGLC2
5006,INPPL1
5007,ITSN1
5008,KCNH7
5009,KCNK10
5010,KCNK12
5011,KCNK13
5012,KCNQ3
5013,KCNQ4
5014,KNCN
5015,LMO7
5016,LRRC3
5017,LRRC53
5018,LSMEM2
5019,LVRN
5020,LY6L
5021,MARVELD1
5022,MCOLN2
5023,MGLL
5024,MLANA
5025,MTDH
5026,MTTP
5027,MUCL3
5028,MYO7A
5029,MYOT
5030,MYZAP
5031,NAALAD2
5032,NBEAL2
5033,NCF1
5034,NEDD4L
5035,NHS
5036,NINJ1
5037,NLRP10
5038,NLRX1
5039,NOD2
5040,OPN1MW2
5041,OPTN
5042,OSBPL8
5043,PDXP
5044,PGM5
5045,PHAF1
5046,PI4KA
5047,PIANP
5048,PIK3C2A
5049,PIK3C2G
5050,PIK3R5
5051,PLA2G4F
5052,PLP2
5053,PLPPR2
5054,PMP22
5055,POPDC2
5056,PPP1R16B
5057,PPP2R1A
5058,PRKACA
5059,PRKAR1A
5060,PRKAR2A
5061,PRMT8
5062,PSD
5063,PSD2
5064,PSD3
5065,PTPN1
5066,RAB22A
5067,RAB39A
5068,RAB39B
5069,RACGAP1
5070,RASA4
5071,RFTN2
5072,RGS3
5073,RGS4
5074,RHEX
5075,RHOU
5076,RIMBP2
5077,ROCK2
5078,RPS3
5079,RTN3
5080,S100G
5081,SAPCD2
5082,SCUBE1
5083,SDR16C5
5084,SEC24A
5085,SELENOS
5086,SGMS1
5087,SH3GL2
5088,SHROOM3
5089,SI
5090,SLC17A2
5091,SLC39A1
5092,SLC39A11
5093,SLC39A3
5094,SLC45A3
5095,SLC7A13
5096,SLCO1B3-SLCO1B7
5097,SORBS2
5098,SPIRE1
5099,SPRY2
5100,ST3GAL5
5101,ST8SIA2
5102,STEAP1B
5103,STEAP3
5104,STK16
5105,STXBP2
5106,STXBP6
5107,SVOP
5108,SYS1
5109,SYT12
5110,SYT15
5111,SYT8
5112,TAB2
5113,TAMALIN
5114,TAS2R43
5115,TBC1D10C
5116,TBCD
5117,TCN2
5118,TMED1
5119,TMEM102
5120,TMEM126A
5121,TMEM202
5122,TMEM50B
5123,TMEM88B
5124,TMPRSS11F
5125,TMPRSS7
5126,TRAF6
5127,TRBC1
5128,TRBC2
5129,TRDC
5130,TRGV1
5131,TRGV10
5132,TRGV11
5133,TRGV2
5134,TRGV3
5135,TRGV4
5136,TRGV5
5137,TRGV8
5138,TRGV9
5139,TRIM23
5140,TRO
5141,TRPC1
5142,TRPC3
5143,TTC7A
5144,UNC13A
5145,UNC13B
5146,UNC13C
5147,USP6
5148,WASL
5149,WDPCP
5150,WNK2
5151,XKRX
5152,ZDHHC7
5153,ZDHHC8
5154,CSNK1D
5155,LRRC26
5156,STK10
5157,NKTR
5158,NPAP1
5159,OSBPL7
5160,RAB41
5161,CRCP
5162,CYP2C18
5163,CYP2C8
5164,CYP2C9
5165,LAPTM4A
5166,MYO1E
5167,PHLDB2
5168,TMEM47
5169,UBE2D3
5170,GRK5
5171,KLC2
5172,NINJ2
5173,VIL1
5174,ANXA3
5175,AP3S1
5176,ARHGAP10
5177,ARPIN-AP3S2
5178,ARVCF
5179,CCDC124
5180,PPP3R2
5181,TMEM198
5182,XPR1
5183,CYP2C19
5184,LMTK2
5185,MYO10
5186,ADAP1
5187,ALOX15B
5188,ANKLE2
5189,BTK
5190,CASP4
5191,CMYA5
5192,DBN1
5193,FLCN
5194,GCC1
5195,GNAI2
5196,JAK2
5197,KCNK17
5198,MARK1
5199,MTSS1
5200,MUCL1
5201,NCS1
5202,NEXN
5203,NMT2
5204,PALLD
5205,PTPN5
5206,RASSF3
5207,RIGI
5208,SPG11
5209,TRIP6
5210,CLIC2
5211,COLQ
5212,GNA15
5213,KCNH8
5214,LAT
5215,LHFPL2
5216,MAP3K7
5217,PDE9A
5218,PTPN13
5219,RP2
5220,SH3D21
5221,TRAPPC14
5222,TRPM7
5223,ADAP2
5224,ADD3
5225,AIG1
5226,ALPG
5227,ANKRD13D
5228,ANO4
5229,ANO8
5230,ARF1
5231,ARFGEF2
5232,ARHGEF11
5233,ARHGEF39
5234,ARRDC1
5235,ASTL
5236,BFAR
5237,BMX
5238,CABP7
5239,CALHM5
5240,CALN1
5241,CAPNS2
5242,CARMIL3
5243,CAT
5244,CATIP
5245,CBL
5246,CCDC25
5247,CDC42SE2
5248,CDK5R1
5249,CFAP95
5250,CHP2
5251,CLCN7
5252,CPNE2
5253,CPNE7
5254,CYP2W1
5255,CYP4A11
5256,CYP4F12
5257,CYP4F2
5258,DAPP1
5259,DCUN1D3
5260,DES
5261,DGAT2
5262,DGKB
5263,DLGAP1
5264,EPB41L4A
5265,EPS15
5266,FCHO1
5267,FTCD
5268,FXYD4
5269,FXYD7
5270,FYB1
5271,GNG10
5272,GNG8
5273,GRB14
5274,HARBI1
5275,KCNK4
5276,KSR2
5277,LANCL1
5278,LAT2
5279,LIMS3
5280,LIMS4
5281,LPCAT3
5282,LRRC70
5283,MAST2
5284,MBP
5285,MELK
5286,NEURL1
5287,NOX3
5288,NPY4R2
5289,NRSN2
5290,OR4M2B
5291,PACC1
5292,PHLDA3
5293,PLEK
5294,PLPP4
5295,PLPP5
5296,POTED
5297,PPFIA1
5298,PPP4C
5299,PSD4
5300,PTP4A3
5301,PVRIG
5302,RAB42
5303,RALGPS1
5304,RALGPS2
5305,RAP1B
5306,RASA4B
5307,RASAL3
5308,RASL10A
5309,RASL10B
5310,RASL12
5311,REM2
5312,RGS6
5313,RIN1
5314,RNF24
5315,RPE65
5316,SHANK1
5317,SIRT2
5318,SLA2
5319,SLC16A14
5320,SLC16A9
5321,SLC22A24
5322,SLC25A11
5323,SNTG2
5324,STK32A
5325,SYT13
5326,SYT17
5327,TAS2R42
5328,TBC1D3
5329,TBC1D3D
5330,TBC1D3E
5331,TBC1D3G
5332,TBC1D3H
5333,TBC1D3I
5334,TBC1D3K
5335,TBC1D3L
5336,TLCD3A
5337,TMEM117
5338,TMEM131L
5339,TMEM17
5340,TMEM170B
5341,TMEM176B
5342,TRPC6
5343,TSPAN16
5344,UGT1A1
5345,VCL
5346,VEPH1
5347,VSIG10L2
5348,VXN
5349,WASHC2A
5350,WASHC2C
5351,ZNRF3
5352,CEMIP2
5353,JPT2
5354,KANK1
5355,MAP3K12
5356,RALGAPA2
5357,RASGRP2
5358,SIPA1L1
5359,NSFL1C
5360,PLCD4
5361,PSKH1
5362,SLC4A1AP
5363,TGM1
5364,VPS36
5365,EEF2
5366,PDLIM4
5367,TBC1D10A
5368,ADGRG5
5369,ATXN3
5370,GBP4
5371,GUCA1B
5372,KIAA1614
5373,LPA
5374,PIK3C2B
5375,RAB3GAP2
5376,RCCD1
5377,YIPF1
5378,APBB1
5379,C1orf116
5380,CDAN1
5381,CSDE1
5382,SUMO1
5383,BIN1
5384,CNNM1
5385,NIBAN2
5386,NMRK2
5387,PLD4
5388,PLIN2
5389,TJP3
5390,TMEM240
5391,ASAP1
5392,CROCC
5393,CTTN
5394,FMNL3
5395,GPRIN2
5396,ITPRID2
5397,KCNA6
5398,LYPD6
5399,MADD
5400,MARCHF10
5401,MIF
5402,NAA35
5403,NECAP1
5404,PCYT1A
5405,PPP3CC
5406,RND1
5407,RNF114
5408,RNF146
5409,SELENOK
5410,SLC30A10
5411,STAU2
5412,TREML1
5413,UAP1
5414,UBAC1
5415,UBE2B
5416,AFAP1L2
5417,BLNK
5418,DOCK4
5419,GLUL
5420,GNG2
5421,HSP90AB1
5422,NDRG1
5423,OAS3
5424,PALM2AKAP2
5425,RIC8B
5426,RIT2
5427,RPSA
5428,TCHP
5429,ABHD12
5430,ADGRA1
5431,ADGRF3
5432,ADGRF5
5433,ADTRP
5434,AIF1
5435,AIF1L
5436,ANO10
5437,APBA1
5438,ARF4
5439,ARHGEF2
5440,ARHGEF25
5441,ARHGEF4
5442,ARL13B
5443,ARV1
5444,ASIC3
5445,ATF4
5446,ATF6
5447,ATP9B
5448,B3GNT3
5449,BBS4
5450,BBS5
5451,BBS7
5452,BBS9
5453,BFSP1
5454,C11orf94
5455,CABP1
5456,CACNB1
5457,CACNB3
5458,CAMK1G
5459,CCDC62
5460,CD99L2
5461,CDV3
5462,CFAP65
5463,CFP
5464,CHIC1
5465,CLCA1
5466,CLNS1A
5467,COA6
5468,COL25A1
5469,COMT
5470,COPRS
5471,CORO1A
5472,CPNE6
5473,CYSTM1
5474,DAB2IP
5475,DGKH
5476,DGKK
5477,DGKQ
5478,DIO1
5479,DNM3
5480,DOCK2
5481,DTNA
5482,ENPP7
5483,ENSG00000251357
5484,ENSG00000273554
5485,ENSG00000285130
5486,ENSG00000285218
5487,ENSG00000285880
5488,ENTPD6
5489,EPN1
5490,ERAP2
5491,F8
5492,FMN1
5493,FNBP1
5494,FRK
5495,FRRS1L
5496,GCM1
5497,GFAP
5498,GNA13
5499,GNAI1
5500,GNAT2
5501,GNG11
5502,GNGT1
5503,GRB2
5504,GSDMA
5505,GSK3B
5506,GSN
5507,HAS3
5508,HMCN2
5509,HSP90B1
5510,HSPA9
5511,HYAL3
5512,IGFN1
5513,ILK
5514,INPP5A
5515,IRAK1
5516,IRS2
5517,JTB
5518,KCNAB3
5519,KCNH3
5520,KCNH4
5521,KCNH5
5522,KCNK15
5523,KCNK16
5524,KCNQ2
5525,KCTD7
5526,KIAA0319L
5527,KRT19
5528,LLCFC1
5529,LYZL6
5530,MAEA
5531,MAGEE1
5532,MAP2K2
5533,MARCO
5534,MCF2L
5535,MCFD2
5536,MT3
5537,MTMR6
5538,MTMR9
5539,MYO1D
5540,MYPN
5541,NCKAP1
5542,NECAB2
5543,NECAP2
5544,NF1
5545,NIPA1
5546,NIPA2
5547,NLRP6
5548,OR2A42
5549,OR4F16
5550,OR4F29
5551,OR4M2-OT1
5552,OR51C1P
5553,OR5BS1P
5554,OR5D3P
5555,OR8U3
5556,PDCD10
5557,PDE6G
5558,PDIA6
5559,PHB1
5560,PIGY
5561,PIP4K2B
5562,PIP5KL1
5563,PKP3
5564,PLA2G5
5565,PLCE1
5566,PLEC
5567,PLPPR3
5568,PNISR
5569,PNPLA2
5570,PON2
5571,PPAN-P2RY11
5572,PPIL2
5573,PPP2CA
5574,PRAM1
5575,PRKAR2B
5576,PRKCB
5577,PRKCG
5578,PRKCQ
5579,PRKD2
5580,PTP4A2
5581,RAB24
5582,RAB33A
5583,RAB37
5584,RAB4B
5585,RAC3
5586,RASGRF2
5587,RCC2
5588,RELL2
5589,RGS19
5590,RGS7
5591,RHBDL1
5592,RHOF
5593,RILPL2
5594,RND2
5595,RND3
5596,RXYLT1
5597,S100P
5598,SCFD2
5599,SEPHS1
5600,SERP1
5601,SERPINB10
5602,SGCG
5603,SGK1
5604,SGPP1
5605,SH2D3C
5606,SH3BGRL3
5607,SH3KBP1
5608,SLA
5609,SLC16A13
5610,SLC25A3
5611,SLC27A6
5612,SLC9B1
5613,SMPD1
5614,SMURF2
5615,SNTB1
5616,SNTG1
5617,SNX20
5618,SNX4
5619,SPAG1
5620,SPRED2
5621,SPRY4
5622,SRGAP2
5623,ST6GALNAC6
5624,STEAP1
5625,STK26
5626,SULF1
5627,SYNGAP1
5628,SYT3
5629,SYTL5
5630,TAS2R13
5631,TAS2R31
5632,TAS2R40
5633,TAS2R41
5634,TAS2R5
5635,TAS2R50
5636,TAS2R60
5637,TH
5638,TIRAP
5639,TMEM130
5640,TMEM150C
5641,TMEM98
5642,TMIGD3
5643,TMPRSS4
5644,TNIK
5645,TRAF2
5646,TREML4
5647,TRPM3
5648,TRPM5
5649,TSPAN10
5650,TUSC3
5651,UCHL1
5652,UNC80
5653,VEZT
5654,VSTM2L
5655,WWC1
5656,YRDC
5657,ZC4H2
5658,ARHGEF1
5659,DRP2
5660,FLNB
5661,SPINT1
5662,ZGPAT
5663,PDZD2
5664,PHLDB1
5665,REPS1
5666,SQLE
5667,TUB
5668,ADCY4
5669,ADD1
5670,EHBP1
5671,KCNA7
5672,AKAP12
5673,CKAP5
5674,CPPED1
5675,CREB3
5676,CRYAB
5677,ENO3
5678,HS6ST2
5679,LSR
5680,PIK3AP1
5681,PLIN4
5682,ST8SIA5
5683,STAMBP
5684,UBE2QL1
5685,USP14
5686,YTHDC1
5687,AAMP
5688,CALD1
5689,CAMK2B
5690,CAMK2G
5691,CCDC136
5692,DNAJC9
5693,FASN
5694,MAP2K1
5695,ANXA5
5696,APOM
5697,GRK4
5698,MLIP
5699,NIBAN1
5700,WEE2
5701,APOLD1
5702,CAVIN4
5703,FUT2
5704,HIPK3
5705,IRS1
5706,LRRFIP1
5707,MORF4L2
5708,PARVB
5709,PRRC2A
5710,PTPRCAP
5711,RAPGEF1
5712,RFNG
5713,RIF1
5714,XPO1
5715,AKAP10
5716,ALDH3A1
5717,ARHGAP17
5718,ARHGDIG
5719,BCAR1
5720,BFSP2
5721,BTBD17
5722,CC2D1A
5723,CDC42EP3
5724,DGKG
5725,DIRAS1
5726,DLGAP3
5727,DPYSL2
5728,DUSP15
5729,ENSG00000250424
5730,FAM210B
5731,GRB7
5732,HMOX1
5733,JAK3
5734,KATNB1
5735,KCNT1
5736,KIF14
5737,LIPH
5738,MISP
5739,MRPL42
5740,OBSCN
5741,PIGB
5742,PIK3R6
5743,PIP4K2A
5744,PLCG1
5745,PPIP5K1
5746,PRRG1
5747,PRX
5748,PXK
5749,RASD2
5750,RNF145
5751,SMPD2
5752,SYMPK
5753,TCAF2C
5754,TXNDC11
5755,WDR1
5756,XRN1
5757,ATIC
5758,ATXN10
5759,CSNK1G2
5760,DAAM1
5761,DIO2
5762,FABP5
5763,IGKV3-11
5764,IGKV3-15
5765,IGKV3-20
5766,IGKV3-7
5767,IGKV3D-11
5768,IGKV3D-15
5769,IGKV3D-20
5770,IGKV3D-7
5771,MLKL
5772,MRPL44
5773,MTM1
5774,NCK1
5775,PACS1
5776,PKN1
5777,PLA2G6
5778,PLPPR5
5779,PSTPIP1
5780,RAPH1
5781,S100A9
5782,SHC2
5783,SSH1
5784,TMEM50A
5785,TMTC2
5786,UBQLN2
5787,WAS
5788,WWP1
5789,ABRA
5790,ACSBG1
5791,AMACR
5792,ANKRD20A1
5793,ARL14
5794,ARL17A
5795,ARL17B
5796,ARL4C
5797,ARL4D
5798,ARRDC2
5799,BSN
5800,C15orf62
5801,C1QBP
5802,C1QTNF1
5803,CAP2
5804,CCDC141
5805,CCDC70
5806,CEP295
5807,CLCN1
5808,CLINT1
5809,CNPY4
5810,COQ7
5811,CPAMD8
5812,CPNE5
5813,CPNE8
5814,CTSZ
5815,CUL1
5816,DLGAP2
5817,DLGAP4
5818,DUSP22
5819,EEPD1
5820,EFHD2
5821,ENHO
5822,ENSG00000249967
5823,ENSG00000289694
5824,ENTHD1
5825,EPS15L1
5826,FCMR
5827,FRMD1
5828,FRS2
5829,FTO
5830,G6PD
5831,GAB2
5832,GAK
5833,GJE1
5834,GNG5
5835,GPRIN3
5836,GPSM3
5837,HTRA1
5838,IGLL1
5839,ILDR2
5840,IRAK4
5841,ITIH4
5842,JOSD1
5843,KARS1
5844,KCNA10
5845,LANCL3
5846,LIPI
5847,LRATD2
5848,LZTS1
5849,MAPK10
5850,MGRN1
5851,MPP4
5852,MRAS
5853,MYCBP2
5854,MYLIP
5855,OCEL1
5856,OSBP2
5857,OSGEP
5858,OVCH1
5859,PHLPP1
5860,PIK3CG
5861,PLCG2
5862,PLCH1
5863,PPP1R16A
5864,PPP5C
5865,PPP6R3
5866,PRSS55
5867,RABAC1
5868,RAPGEFL1
5869,RASGRP4
5870,RGS5
5871,RHOBTB2
5872,RHOJ
5873,RNF157
5874,SAMD10
5875,SAMD12
5876,SCP2
5877,SERPINA12
5878,SHANK3
5879,SHC3
5880,SIRPD
5881,SLC13A5
5882,SLC16A11
5883,SLC20A1
5884,SLC23A3
5885,SPRED3
5886,TEC
5887,TMEM161B
5888,TMEM249
5889,TMEM262
5890,TMPRSS2
5891,TPRG1L
5892,TRAK2
5893,TRIP10
5894,TSC1
5895,UNC79
5896,YIPF3
5897,FKBP2
5898,MYO5B
5899,PKP1
5900,PRAME
5901,RASD1
5902,AKTIP
5903,ARHGAP19
5904,COBL
5905,DHRS7B
5906,DOCK1
5907,GABARAPL1
5908,PKN2
5909,SLC35F5
5910,ABHD3
5911,ARHGEF28
5912,CNGB3
5913,LPP
5914,PLEKHH2
5915,RGS14
5916,XPC
5917,CDC42EP4
5918,CEP55
5919,DIRAS3
5920,FHL1
5921,GJD4
5922,HERC2
5923,MRPL58
5924,PPM1A
5925,RAP1GAP2
5926,SERPINC1
5927,SYPL2
5928,TXK
5929,MAPK9
5930,C6
5931,CDC42SE1
5932,EIF2B1
5933,GNAL
5934,KIAA1549
5935,MYO16
5936,PARP14
5937,PTCD3
5938,TGFBI
5939,USH1G
5940,CNOT2
5941,DDX50
5942,F12
5943,RGS9BP
5944,ST8SIA4
5945,XRCC5
5946,APOL1
5947,BCS1L
5948,BLVRB
5949,CDC42EP2
5950,ECEL1
5951,GJA8
5952,IGLV6-57
5953,KCNF1
5954,MELTF
5955,MGAT4C
5956,MICALL2
5957,PLA2G15
5958,SOCS7
5959,TNFAIP8L3
5960,ZDHHC24
5961,ZFYVE28
5962,ARPC2
5963,CBLB
5964,SRPK1
5965,VIM
5966,ABI3
5967,ACP1
5968,ACTG1
5969,ADGRD2
5970,ADI1
5971,AGAP2
5972,AIP
5973,ALG10B
5974,ALKAL1
5975,ALKAL2
5976,AMOTL1
5977,ANKS4B
5978,ANOS1
5979,ANXA8
5980,AOC1
5981,AOC2
5982,ARAP3
5983,ARF3
5984,ARF5
5985,ARG1
5986,ARHGAP35
5987,ARHGAP5
5988,ARHGEF7
5989,ARL4A
5990,ARRDC3
5991,ATXN2
5992,B3GALT2
5993,BEST3
5994,BIN3
5995,BIRC2
5996,BMF
5997,BRCA1
5998,CA2
5999,CABP2
6000,CACNA1F
6001,CAP1
6002,CAPN1
6003,CAPN3
6004,CAPRIN2
6005,CASP1
6006,CATSPERE
6007,CATSPERZ
6008,CBLC
6009,CCDC78
6010,CCNY
6011,CD300H
6012,CD5L
6013,CDC42BPB
6014,CDC42EP5
6015,CDK14
6016,CDK5R2
6017,CERK
6018,CGAS
6019,CIB2
6020,CIT
6021,CLCN2
6022,CLCNKA
6023,CLIC6
6024,CNKSR1
6025,COL23A1
6026,CPLX4
6027,CPNE4
6028,CSNK1G1
6029,CT83
6030,CTNNA2
6031,CTNNAL1
6032,CUL3
6033,DCXR
6034,DDX3X
6035,DENND2B
6036,DGKA
6037,DGKD
6038,DGKE
6039,DGKZ
6040,DIABLO
6041,DIP2A
6042,DIRAS2
6043,DNAJC25-GNG10
6044,DOC2B
6045,DOCK3
6046,DOCK5
6047,DOK7
6048,DSEL
6049,DYNLL2
6050,DYTN
6051,EFNA4-EFNA3
6052,ELMO1
6053,ENPP2
6054,ENSG00000267001
6055,ENSG00000272297
6056,EPRS1
6057,EPS8L1
6058,EPS8L2
6059,EPS8L3
6060,ERAS
6061,ETV6
6062,EWSR1
6063,EXOC6B
6064,F9
6065,FADD
6066,FAM120A
6067,FAM168B
6068,FEZ1
6069,FGFBP1
6070,FMNL1
6071,FRMD6
6072,GAS2L2
6073,GCSAM
6074,GJA10
6075,GJA9
6076,GJD3
6077,GNA14
6078,GNAO1
6079,GNAZ
6080,GNB5
6081,GNG12
6082,GNG13
6083,GNG14
6084,GNG3
6085,GNG4
6086,GNG5B
6087,GNG7
6088,GNGT2
6089,GOT2
6090,GRAP
6091,GRK2
6092,GRK6
6093,GSDMB
6094,GSDMC
6095,GSDMD
6096,GSDME
6097,HMGB1
6098,HMMR
6099,HNRNPF
6100,HOMER1
6101,HOMER2
6102,HPSE2
6103,HRG
6104,HSD17B8
6105,HSPA14
6106,HSPA1A
6107,HSPA2
6108,IFT20
6109,IGHD1-1
6110,IGHJ1
6111,IGKJ1
6112,IGKV1-12
6113,IGKV1-16
6114,IGKV1-17
6115,IGKV1-27
6116,IGKV1-33
6117,IGKV1-37
6118,IGKV1-39
6119,IGKV1-5
6120,IGKV1-6
6121,IGKV1-8
6122,IGKV1-9
6123,IGKV1D-12
6124,IGKV1D-13
6125,IGKV1D-16
6126,IGKV1D-17
6127,IGKV1D-33
6128,IGKV1D-37
6129,IGKV1D-39
6130,IGKV1D-42
6131,IGKV1D-43
6132,IGKV1D-8
6133,IGKV2-24
6134,IGKV2-28
6135,IGKV2-30
6136,IGKV2-40
6137,IGKV2D-24
6138,IGKV2D-26
6139,IGKV2D-28
6140,IGKV2D-29
6141,IGKV2D-30
6142,IGKV2D-40
6143,IGKV4-1
6144,IGKV5-2
6145,IGKV6-21
6146,IGKV6D-21
6147,IGKV6D-41
6148,IGLJ1
6149,IGLV1-36
6150,IGLV1-40
6151,IGLV1-44
6152,IGLV1-47
6153,IGLV1-50
6154,IGLV1-51
6155,IGLV10-54
6156,IGLV11-55
6157,IGLV2-11
6158,IGLV2-14
6159,IGLV2-18
6160,IGLV2-23
6161,IGLV2-33
6162,IGLV2-8
6163,IGLV3-1
6164,IGLV3-10
6165,IGLV3-12
6166,IGLV3-16
6167,IGLV3-19
6168,IGLV3-21
6169,IGLV3-22
6170,IGLV3-25
6171,IGLV3-27
6172,IGLV3-32
6173,IGLV3-9
6174,IGLV4-3
6175,IGLV4-60
6176,IGLV4-69
6177,IGLV5-37
6178,IGLV5-45
6179,IGLV5-48
6180,IGLV5-52
6181,IGLV7-43
6182,IGLV7-46
6183,IGLV8-61
6184,IGLV9-49
6185,INPP5J
6186,IRAK2
6187,IRS4
6188,ITGBL1
6189,KANSL2
6190,KCNQ5
6191,KCTD3
6192,KIRREL1
6193,KMT2E
6194,KRIT1
6195,LANCL2
6196,LGSN
6197,LHFPL3
6198,LIME1
6199,LIMS1
6200,LIMS2
6201,LIPE
6202,LPXN
6203,LRRC55
6204,LRTOMT
6205,LSP1
6206,LY6G5C
6207,LY6G6F-LY6G6D
6208,LY96
6209,MAGED1
6210,MANBA
6211,MAPK1
6212,MAPK3
6213,MAPKAP1
6214,MARCKSL1
6215,MARK3
6216,MAST1
6217,MDM2
6218,MIB1
6219,MSRA
6220,MTMR1
6221,MTUS1
6222,MYD88
6223,MYO5A
6224,NAE1
6225,NKAIN4
6226,NKD1
6227,NOS2
6228,NOX1
6229,NOXA1
6230,NOXO1
6231,NPTX1
6232,NUCB2
6233,NUDT1
6234,ODF4
6235,PAK2
6236,PANX3
6237,PARD3B
6238,PARVA
6239,PARVG
6240,PCSK6
6241,PDE4B
6242,PDE6C
6243,PFKM
6244,PHKA1
6245,PHKA2
6246,PHKB
6247,PID1
6248,PIK3CA
6249,PIK3CD
6250,PIM1
6251,PIP5K1B
6252,PLA2G2F
6253,PLCH2
6254,PLEKHG5
6255,PLEKHM3
6256,PLPPR1
6257,PNN
6258,PPP1CA
6259,PPP1R7
6260,PPP2R5A
6261,PREX1
6262,PRICKLE3
6263,PRKACB
6264,PRKAR1B
6265,PRKCD
6266,PRPH
6267,PRRG2
6268,PRRG3
6269,PRSS12
6270,PTOV1
6271,PTPN2
6272,PTPRE
6273,PXDNL
6274,QRICH1
6275,RAB19
6276,RAB28
6277,RALB
6278,RANBP9
6279,RDH8
6280,RERG
6281,RGS16
6282,RGS17
6283,RGS20
6284,RHEBL1
6285,RHOBTB1
6286,RHOBTB3
6287,RHOH
6288,RIT1
6289,RNF34
6290,RPSAP58
6291,RRAS
6292,RUNDC3A
6293,S100A12
6294,S100A8
6295,SDC3
6296,SDCBP2
6297,SEMA3D
6298,SEPTIN7
6299,SERPINB12
6300,SFTPC
6301,SGIP1
6302,SH2B1
6303,SH2B2
6304,SH3BGRL
6305,SH3D19
6306,SHB
6307,SKAP2
6308,SLURP2
6309,SMAD3
6310,SMAD7
6311,SOD1
6312,SOS1
6313,SPA17
6314,SPRED1
6315,SPRY1
6316,STAU1
6317,STK17B
6318,STXBP5L
6319,SULF2
6320,SYN2
6321,TAB3
6322,TAOK3
6323,TBC1D3B
6324,TBC1D3C
6325,TDGF1P3
6326,TDP1
6327,TJAP1
6328,TLN2
6329,TMEM100
6330,TMEM127
6331,TMEM258
6332,TNK1
6333,TNS2
6334,TPTE
6335,TRAC
6336,TRADD
6337,TRAF1
6338,TRAF3
6339,TRAF4
6340,TRAJ3
6341,TRAJ31
6342,TRAJ42
6343,TRAV1-1
6344,TRAV1-2
6345,TRAV10
6346,TRAV12-1
6347,TRAV12-2
6348,TRAV12-3
6349,TRAV13-1
6350,TRAV13-2
6351,TRAV14DV4
6352,TRAV16
6353,TRAV17
6354,TRAV18
6355,TRAV19
6356,TRAV2
6357,TRAV20
6358,TRAV21
6359,TRAV22
6360,TRAV23DV6
6361,TRAV24
6362,TRAV25
6363,TRAV26-1
6364,TRAV26-2
6365,TRAV27
6366,TRAV29DV5
6367,TRAV3
6368,TRAV30
6369,TRAV34
6370,TRAV36DV7
6371,TRAV38-1
6372,TRAV38-2DV8
6373,TRAV39
6374,TRAV4
6375,TRAV40
6376,TRAV41
6377,TRAV5
6378,TRAV6
6379,TRAV7
6380,TRAV8-1
6381,TRAV8-2
6382,TRAV8-3
6383,TRAV8-4
6384,TRAV8-6
6385,TRAV9-1
6386,TRAV9-2
6387,TRBD1
6388,TRBJ1-1
6389,TRBJ1-2
6390,TRBJ1-3
6391,TRBJ1-4
6392,TRBJ1-5
6393,TRBJ1-6
6394,TRBJ2-1
6395,TRBJ2-3
6396,TRBJ2-7
6397,TRBV10-1
6398,TRBV10-2
6399,TRBV10-3
6400,TRBV11-1
6401,TRBV11-3
6402,TRBV12-3
6403,TRBV12-4
6404,TRBV12-5
6405,TRBV13
6406,TRBV14
6407,TRBV16
6408,TRBV17
6409,TRBV18
6410,TRBV19
6411,TRBV2
6412,TRBV20-1
6413,TRBV23-1
6414,TRBV24-1
6415,TRBV25-1
6416,TRBV27
6417,TRBV28
6418,TRBV29-1
6419,TRBV3-1
6420,TRBV30
6421,TRBV4-1
6422,TRBV4-2
6423,TRBV5-1
6424,TRBV5-3
6425,TRBV5-4
6426,TRBV5-5
6427,TRBV5-6
6428,TRBV5-7
6429,TRBV6-1
6430,TRBV6-2
6431,TRBV6-4
6432,TRBV6-5
6433,TRBV6-6
6434,TRBV6-7
6435,TRBV6-8
6436,TRBV7-1
6437,TRBV7-2
6438,TRBV7-3
6439,TRBV7-4
6440,TRBV7-6
6441,TRBV7-7
6442,TRBV7-9
6443,TRBV9
6444,TRDD1
6445,TRDJ1
6446,TRDV1
6447,TRDV2
6448,TRDV3
6449,TRGJ1
6450,TRPA1
6451,TTN
6452,UBE2C
6453,UBL3
6454,UBQLN1
6455,WHRN
6456,WNK1
6457,WNK4
6458,WWTR1
6459,XBP1
6460,XG
6461,YWHAH
6462,ZBTB33
6463,ZMYND19
6464,DNAAF4
6465,DNAJA4
6466,HSPB1
6467,LPIN2
6468,NCOA1
6469,NFE2L2
6470,PLS3
6471,CCDC107
6472,CTSF
6473,DXO
6474,LRAT
6475,SC5D
6476,SDE2
6477,UNC5CL
6478,GNB3
6479,HOMER3
6480,POU2F3
6481,TNKS1BP1
6482,TRAF7
6483,ARHGEF5
6484,C12orf73
6485,EIF5AL1
6486,ENAH
6487,GLO1
6488,GPBP1
6489,HAUS7
6490,HS6ST3
6491,RASAL1
6492,RPGRIP1L
6493,TOPBP1
6494,ZYX
6495,CAMK2A
6496,CAST
6497,ENSG00000256500
6498,PPFIBP1
6499,TTLL5
6500,DENND5A
6501,ENSG00000251537
6502,NFX1
6503,SLC38A7
6504,SYNPO
6505,SYVN1
6506,TRIM16
6507,AHNAK2
6508,ARL14EP
6509,ENSG00000290147
6510,GAS7
6511,GUCA1A
6512,NUBPL
6513,ADH1A
6514,ADH1B
6515,ADH1C
6516,ADH7
6517,ADRM1
6518,AKAP11
6519,ARHGEF40
6520,ARL13A
6521,ASPM
6522,AXIN2
6523,BICD2
6524,BRPF1
6525,C8G
6526,CCDC8
6527,CFAP418
6528,CORO1B
6529,COX6B2
6530,CRLF3
6531,DFFA
6532,FILIP1
6533,FLAD1
6534,GAS8
6535,GBF1
6536,GGTA1
6537,HERPUD1
6538,HYLS1
6539,KLF9
6540,LRRC45
6541,LRRC7
6542,LZTS2
6543,METAP2
6544,MICAL1
6545,MPHOSPH9
6546,NPTXR
6547,PAWR
6548,PLCB2
6549,S100A13
6550,SCHIP1
6551,STAT2
6552,TBC1D2
6553,TES
6554,TMCO5A
6555,USP21
6556,WDR11
6557,ZNF397
6558,ACP4
6559,ARHGAP33
6560,C19orf33
6561,CCDC115
6562,CCNT2
6563,CYBC1
6564,DIS3L
6565,ENSG00000265118
6566,FBP2
6567,FRMD3
6568,FRMD7
6569,GALNT10
6570,GIPC1
6571,HCFC2
6572,HIF3A
6573,IL16
6574,KLHL7
6575,KNSTRN
6576,KNTC1
6577,KPTN
6578,MICAL3
6579,MPHOSPH8
6580,MYLK
6581,NUS1
6582,OLFM4
6583,PKD2L2
6584,SPTLC2
6585,SUCLG2
6586,TCIM
6587,WDR13
6588,XPO6
6589,ACTN4
6590,BCL3
6591,BCORL1
6592,CARD14
6593,CCDC22
6594,CEBPE
6595,CFAP410
6596,CPNE9
6597,DHDDS
6598,EPN2
6599,FHIT
6600,GALNT12
6601,GM2A
6602,GMIP
6603,GRAP2
6604,HINT1
6605,HPS4
6606,LAIR2
6607,LCTL
6608,LGALS4
6609,LLGL2
6610,MFSD1
6611,MUC5B
6612,MYO1F
6613,OBSL1
6614,PAPLN
6615,PITPNM3
6616,PLCB1
6617,PLS1
6618,PRKG1
6619,RGL4
6620,SCUBE3
6621,SPESP1
6622,SPRR1B
6623,SQSTM1
6624,STK17A
6625,STON1
6626,TENT4B
6627,TSHZ3
6628,UQCC1
6629,XYLT1
6630,ARID4A
6631,FILIP1L
6632,GFI1B
6633,PRC1
6634,SAMHD1
6635,UTP20
6636,ACIN1
6637,CDCA4
6638,CDK7
6639,CPEB3
6640,ETS2
6641,FAM209A
6642,GAS2
6643,LNX2
6644,PTPN22
6645,RASSF2
6646,S100A3
6647,ANKRA2
6648,ANKS1B
6649,EVA1B
6650,S100A16
6651,ADK
6652,ARHGAP18
6653,ARID1B
6654,ATG13
6655,C4B
6656,CASP7
6657,EIF5A
6658,ENTREP3
6659,FABP2
6660,GRK3
6661,LDB2
6662,PAFAH1B2
6663,PDAP1
6664,PHPT1
6665,PIGX
6666,PIP4K2C
6667,POLE
6668,PPP1R12A
6669,RPL36A
6670,RPL36A-HNRNPH2
6671,RPL36AL
6672,SOX11
6673,TACC2
6674,TDG
6675,TRIM4
6676,TRMT10B
6677,USH1C
6678,WDR6
6679,TMEM218
6680,TNS1
6681,CFB
6682,FCN3
6683,HDAC3
6684,LBP
6685,PAK5
6686,PHF7
6687,SLC25A23
6688,TMEM252
6689,ABTB1
6690,ARID2
6691,CIZ1
6692,CORO2B
6693,EIF5
6694,GCNT1
6695,GLDC
6696,GRB10
6697,LIMD1
6698,NELFE
6699,NFKBIA
6700,NME1
6701,PDS5A
6702,PKDCC
6703,PLIN3
6704,PPP1R13B
6705,RRP8
6706,SRA1
6707,SURF2
6708,TMEM101
6709,TMEM222
6710,WARS2
6711,ZBTB42
6712,ZMAT3
6713,ADCK5
6714,AVEN
6715,BCL2L13
6716,C19orf38
6717,CASS4
6718,CCN2
6719,CFLAR
6720,CISH
6721,COMTD1
6722,CTXN1
6723,CUTA
6724,CWH43
6725,CYB5D2
6726,EHBP1L1
6727,FAM163B
6728,IL22RA2
6729,ING2
6730,PRRT4
6731,PXYLP1
6732,RGL3
6733,SEMA3B
6734,SH2B3
6735,SH3TC2
6736,SRR
6737,STC1
6738,TMEM268
6739,FNTA
6740,GDI2
6741,GNB4
6742,MLF2
6743,PSG1
6744,PSG11
6745,PSG3
6746,PSG4
6747,PSG5
6748,PSG6
6749,PSG7
6750,PSG8
6751,PSG9
6752,TMEM183A
6753,TMEM40
6754,TMEM61
6755,ACTL6A
6756,ACTN3
6757,AFF1
6758,AGR2
6759,AMOTL2
6760,ANXA9
6761,APBA2
6762,APBA3
6763,ARHGAP6
6764,ARHGEF16
6765,ARL11
6766,ARL2
6767,ARMH4
6768,ATP6V1G3
6769,AZGP1
6770,C10orf90
6771,C17orf99
6772,C20orf141
6773,CA11
6774,CAMK1
6775,CAPN10
6776,CARD9
6777,CBLIF
6778,CEP112
6779,CEP89
6780,CERCAM
6781,CHD1L
6782,CHRDL1
6783,CHUK
6784,CLEC19A
6785,CNRIP1
6786,COLEC10
6787,COLEC11
6788,CSNK1G3
6789,CSNK2A1
6790,CSNK2A2
6791,CSNK2B
6792,CSRP3
6793,CST3
6794,CTNND2
6795,CYP20A1
6796,DAPK1
6797,DCLK1
6798,DNAAF1
6799,DNAI2
6800,DNAL4
6801,DPYSL3
6802,EFS
6803,ELMOD3
6804,ENDOU
6805,ENSA
6806,ENSG00000249624
6807,ENSG00000267748
6808,ENSG00000267881
6809,ENSG00000271810
6810,ENSG00000272822
6811,ENSG00000278263
6812,ENSG00000281179
6813,ENSG00000285953
6814,EPPIN
6815,EPPIN-WFDC6
6816,EXO1
6817,F7
6818,FANCG
6819,FCN2
6820,FCRLA
6821,FCRLB
6822,FSCN1
6823,FSD1L
6824,GAREM1
6825,GDI1
6826,GSR
6827,H2BC11
6828,HDAC11
6829,HDLBP
6830,HELB
6831,HPGD
6832,HSD17B10
6833,HSPA1B
6834,HSPA1L
6835,HSPA6
6836,IGFBP2
6837,IGHV1OR15-1
6838,IGHV1OR15-9
6839,IGHV1OR21-1
6840,IGHV2OR16-5
6841,IGHV3OR15-7
6842,IGHV3OR16-10
6843,IGHV3OR16-12
6844,IGHV3OR16-13
6845,IGHV3OR16-17
6846,IGHV3OR16-8
6847,IGHV4OR15-8
6848,IGLL5
6849,INSC
6850,IQCJ-SCHIP1
6851,IQGAP3
6852,IRAK3
6853,ISCU
6854,ITK
6855,ITPK1
6856,JADE1
6857,JMJD6
6858,JUN
6859,KCMF1
6860,KIF21A
6861,KRT18
6862,KRT8
6863,LCP2
6864,LEMD1
6865,LGALS7
6866,LGALS7B
6867,LOXHD1
6868,LPO
6869,LY6G5B
6870,LYPLAL1
6871,LYZL4
6872,MAGEA1
6873,MAP1B
6874,MAP3K5
6875,MAP4K1
6876,MBL2
6877,MESD
6878,MTFR1
6879,MUC5AC
6880,MUC6
6881,MUC7
6882,MYO15B
6883,MYO7B
6884,NAIP
6885,NFE2
6886,NHLRC1
6887,NIN
6888,NLN
6889,NUBP1
6890,ODR4
6891,PAK3
6892,PAPPA2
6893,PCMTD1
6894,PCYOX1
6895,PDZD7
6896,PIK3R2
6897,PLCD1
6898,PMS2
6899,POLDIP2
6900,PPP1CB
6901,PREPL
6902,PREX2
6903,PRKAA1
6904,PRSS27
6905,PSG2
6906,PTPN7
6907,PTPN9
6908,PXN
6909,RAB12
6910,RAB3IL1
6911,RABGGTA
6912,RABGGTB
6913,RALGDS
6914,RAPGEF5
6915,RASA1
6916,RASGEF1A
6917,RASGEF1B
6918,RASGEF1C
6919,RASGRF1
6920,RASGRP3
6921,REG3A
6922,REM1
6923,RGL1
6924,RGL2
6925,RGS10
6926,RGS11
6927,RGS12
6928,RGS13
6929,RGS18
6930,RGS21
6931,RHPN2
6932,RNF31
6933,RNPEP
6934,ROPN1B
6935,RTKN2
6936,SAV1
6937,SEMA3G
6938,SEPTIN5
6939,SERPINE1
6940,SFTPB
6941,SGSM3
6942,SH3BP1
6943,SHC1
6944,SHROOM1
6945,SOS2
6946,SPRR2E
6947,SRMS
6948,STAMBPL1
6949,STAP2
6950,STAT3
6951,SUSD6
6952,TBC1D10B
6953,TBC1D4
6954,TBC1D8
6955,TBC1D9B
6956,TERT
6957,TGFB1I1
6958,TGM3
6959,TGM5
6960,TMEM229A
6961,TMEM254
6962,TRAF5
6963,TRBV15
6964,TRBV20OR9-2
6965,TRIB3
6966,TRPC4AP
6967,TTF1
6968,TUBA1A
6969,USP4
6970,VASH2
6971,VAV1
6972,VAV2
6973,VAV3
6974,WDR72
6975,WWOX
6976,ZBTB16
6977,ZNF366
6978,ZNF804A
6979,STXBP4
6980,TMEM52
6981,PDLIM5
6982,SCEL
6983,SPAG16
6984,CASKIN2
6985,DNAJC6
6986,MCTS1
6987,PSMC5
6988,TMEM139
6989,VPS50
6990,KLC1
6991,NUP62
6992,SIPA1
6993,ATG7
6994,MCM3AP
6995,TRIO
6996,CMTM4
6997,ADAMTS1
6998,AKT3
6999,ARHGAP29
7000,ARHGEF12
7001,ATG3
7002,BCAR3
7003,BZW2
7004,C3orf20
7005,CDC42BPA
7006,CYFIP2
7007,ETNK1
7008,GLRX
7009,GPX8
7010,HELZ
7011,LRG1
7012,MAP7D3
7013,MCF2
7014,NGEF
7015,NRSN1
7016,PALMD
7017,PGLYRP4
7018,PGS1
7019,PPP2R1B
7020,PRDX6
7021,PRKD3
7022,TMEM237
7023,VSIG4
7024,ARHGAP24
7025,C20orf173
7026,DDX6
7027,ENSG00000288520
7028,FAM205A
7029,KIF17
7030,SH3PXD2B
7031,TM2D2
7032,USP2
7033,VCPIP1
7034,ARHGAP15
7035,ASB5
7036,CAVIN3
7037,CCDC168
7038,CMTM7
7039,ENSG00000285947
7040,GTSE1
7041,KRTAP21-3
7042,LASP1
7043,LGALS8
7044,LIPJ
7045,MAMDC2
7046,MYO9A
7047,NEDD1
7048,OVCH2
7049,PCLO
7050,PDE3A
7051,PLA2G4D
7052,PLCL1
7053,PPFIBP2
7054,RCN1
7055,RHOXF2
7056,RHPN1
7057,RTL8C
7058,SENP1
7059,SMOC1
7060,SSC5D
7061,TBC1D3F
7062,TICAM1
7063,ZBED3
7064,ENSG00000285526
7065,FBXL2
7066,CNTRL
7067,CTPS1
7068,EXOC3L2
7069,KIF5A
7070,LALBA
7071,LYST
7072,PAICS
7073,PRDX3
7074,PREP
7075,SNRNP200
7076,CASP2
7077,CCDC88B
7078,FAM72A
7079,FAM72B
7080,FAM72C
7081,FAM72D
7082,PSMC6
7083,SCYL1
7084,BCL2L12
7085,PRPF19
7086,RIPK4
7087,SCRG1
7088,C1orf43
7089,CFI
7090,ERCC6L
7091,KIAA1522
7092,MYCBPAP
7093,PGLYRP2
7094,PABPC1
7095,PHGDH
7096,AFM
7097,CAD
7098,CASP3
7099,COLGALT1
7100,ENSG00000285330
7101,FBLN1
7102,LOXL1
7103,MRPS17
7104,NDRG2
7105,NLRC4
7106,OFD1
7107,PEBP4
7108,RPIA
7109,RPS5
7110,SEL1L3
7111,SND1
7112,THBS4
7113,TSBP1
7114,UBE2A
7115,VWC2
7116,AGTPBP1
7117,TP73
7118,UBA3
7119,UPF3A
7120,YOD1
7121,ARHGAP40
7122,CCBE1
7123,FGD1
7124,MAP4
7125,PYGL
7126,WDR53
7127,ZNF185
7128,ANKIB1
7129,CCDC24
7130,GCLM
7131,MAP2
7132,NHSL2
7133,PAK4
7134,RASAL2
7135,RC3H1
7136,STIP1
7137,TTC12
7138,ZNF474
7139,ADAMTS2
7140,CFL2
7141,CLUAP1
7142,IFRD1
7143,SCIN
7144,SNUPN
7145,TAOK1
7146,TIGD7
7147,ARAF
7148,ARHGEF15
7149,HUNK
7150,KRTAP25-1
7151,PDCD7
7152,PEBP1
7153,PPP1R18
7154,SAMSN1
7155,ARMH1
7156,C11orf42
7157,CCDC97
7158,CORO2A
7159,KRT77
7160,MAP2K7
7161,NAP1L2
7162,NUDCD3
7163,PCBD2
7164,PHOSPHO1
7165,S100A14
7166,TDO2
7167,TTLL13
7168,UBE2D1
7169,UBE2D2
7170,UBE2D4
7171,CCDC112
7172,CCDC81
7173,PLEKHG3
7174,PPP1R32
7175,PTPN12
7176,ALDH1L2
7177,ANKRD35
7178,APOL4
7179,CFAP299
7180,CREB5
7181,FBXO38
7182,LIN54
7183,LONRF1
7184,PDLIM1
7185,RTL4
7186,SERPINB3
7187,SPANXN4
7188,SPINK13
7189,DDX4
7190,FBLN5
7191,KMT2D
7192,NSD1
7193,SPRYD3
7194,ABI1
7195,ACOT9
7196,ACTR10
7197,ACTR6
7198,ALOXE3
7199,ANKEF1
7200,ANKRD45
7201,ARHGEF6
7202,BANK1
7203,C17orf58
7204,C1orf74
7205,C3orf38
7206,CALML5
7207,CCT3
7208,CEP76
7209,CLIP2
7210,CLUL1
7211,CSAD
7212,CUEDC1
7213,DCAF16
7214,DCUN1D2
7215,DDAH1
7216,DDIAS
7217,DIAPH3
7218,DMWD
7219,DPCD
7220,EEF1AKMT1
7221,EFCAB2
7222,EFHC1
7223,ELMO3
7224,ENKD1
7225,ENSG00000268465
7226,ENSG00000288684
7227,ETAA1
7228,EXOC3L1
7229,EYS
7230,FABP3
7231,FAIM
7232,FAM193A
7233,FAM47E
7234,FAM47E-STBD1
7235,FBXO16
7236,FBXW11
7237,FMNL2
7238,GADL1
7239,GLI1
7240,GPBP1L1
7241,HAPLN3
7242,HENMT1
7243,HSFX1
7244,HSFX2
7245,HYI
7246,IMPG1
7247,ITSN2
7248,KIAA1958
7249,KLHL5
7250,KLHL6
7251,KLK7
7252,KMT5B
7253,KRBOX5
7254,LECT2
7255,LMCD1
7256,LRRC9
7257,LRRFIP2
7258,LRRIQ3
7259,MAK
7260,MAP3K21
7261,MKLN1
7262,MKRN3
7263,MRNIP
7264,MTPN
7265,N4BP2
7266,NT5C1B
7267,NT5C1B-RDH14
7268,OSR2
7269,P3H3
7270,PAIP1
7271,PFDN1
7272,PGPEP1L
7273,PHACTR4
7274,PLAA
7275,PLEKHO2
7276,PNCK
7277,PPP1R12B
7278,PPP1R27
7279,PPP4R1
7280,PPTC7
7281,PROSER2
7282,RIMBP3
7283,RIMBP3B
7284,RIMBP3C
7285,RIOK3
7286,RNF166
7287,RNF39
7288,RSPH3
7289,RTL3
7290,SEPTIN3
7291,SH3BGR
7292,SMC2
7293,SMG6
7294,SPATC1L
7295,SSH3
7296,SUCLG1
7297,SUMF2
7298,TEKTIP1
7299,TEX14
7300,TRAIP
7301,TRIB1
7302,TRIM38
7303,TRIM54
7304,TRIM71
7305,TRIML2
7306,TRMT1
7307,TSGA13
7308,UBTD1
7309,USP20
7310,VWA5B1
7311,VWA7
7312,WDR12
7313,ZEB2
7314,ZNF10
7315,ZNF18
7316,ZNF2
7317,ZNF510
7318,ZNF598
7319,ZNF599
7320,ZNF783
7321,ZSCAN22
7322,ZSCAN29
7323,ZSWIM1
7324,ARHGAP36
7325,ARHGEF17
7326,ARHGEF26
7327,ARL9
7328,ARMCX5
7329,BCL6B
7330,BSDC1
7331,C16orf74
7332,C1orf35
7333,C22orf15
7334,C2orf73
7335,C3orf14
7336,C9orf153
7337,CCDC15
7338,CCDC69
7339,CPA4
7340,CST6
7341,DDX60L
7342,DNAH6
7343,DNAJB13
7344,EIF2B2
7345,ENSG00000258472
7346,FAM161B
7347,FBLN7
7348,FBXO41
7349,GAS2L1
7350,HMGCS1
7351,HPS3
7352,HSH2D
7353,IGKV3OR2-268
7354,INTS12
7355,JMJD4
7356,KIAA1328
7357,KIF21B
7358,KIF26A
7359,KNDC1
7360,LMOD2
7361,MAP4K5
7362,ME1
7363,MMACHC
7364,MMP10
7365,MYL4
7366,NAB1
7367,OCM
7368,OCM2
7369,PRR32
7370,PSMD9
7371,RSKR
7372,SFSWAP
7373,SLK
7374,SPATA12
7375,SRRM3
7376,SUPT6H
7377,TMED8
7378,TOR2A
7379,TPD52L1
7380,TRMT13
7381,USP53
7382,ZFP90
7383,ZNF646
7384,ZSWIM8
7385,AADAT
7386,AKR1B10
7387,AKR1B15
7388,ANKRD30BL
7389,ARHGAP22
7390,ARHGAP23
7391,ARHGAP9
7392,AVPI1
7393,BEND6
7394,BTBD18
7395,BTRC
7396,C14orf93
7397,C18orf21
7398,C1orf54
7399,C1orf68
7400,C2orf72
7401,C8orf33
7402,CAPS
7403,CCDC154
7404,CCDC28A
7405,CCN5
7406,CDRT15
7407,CFAP97D1
7408,CIAO3
7409,CRYBG3
7410,DDIT4L
7411,DENND6B
7412,DOK2
7413,DSTN
7414,DUS1L
7415,EDIL3
7416,EIF5B
7417,ELN
7418,ENC1
7419,ENSG00000241690
7420,ENSG00000264668
7421,ERMN
7422,FBRSL1
7423,FCGBP
7424,GAB1
7425,GAGE1
7426,GAGE10
7427,GAGE12C
7428,GAGE12D
7429,GAGE12E
7430,GAGE12F
7431,GAGE12G
7432,GAGE12H
7433,GAGE12J
7434,GAGE13
7435,GAGE2A
7436,GAGE2E
7437,GFOD1
7438,GUK1
7439,IFFO2
7440,KANK3
7441,KDF1
7442,KIF19
7443,KIF26B
7444,KLHDC7B
7445,KRT75
7446,LENG1
7447,LRCH2
7448,LRRC46
7449,LRRC69
7450,LUZP2
7451,MAT2B
7452,MEFV
7453,MPI
7454,NFKBID
7455,NKX2-8
7456,NPL
7457,OLIG2
7458,OPHN1
7459,OTULIN
7460,PHACTR1
7461,PHF20L1
7462,PI3
7463,PPEF1
7464,PPP1R3C
7465,PPP1R9A
7466,PTX3
7467,PXDC1
7468,PYGO2
7469,RAI2
7470,RHOXF2B
7471,RIOK2
7472,RPE
7473,RPEL1
7474,S100A2
7475,SASH3
7476,SHARPIN
7477,SIN3B
7478,SMPX
7479,SOCS5
7480,STARD4
7481,SYNC
7482,TASP1
7483,TEX13C
7484,TNNI2
7485,TOGARAM2
7486,TPRN
7487,TRIM36
7488,TTLL12
7489,TWF2
7490,TXNIP
7491,UBE2S
7492,UBR2
7493,UBXN11
7494,USP29
7495,WDR90
7496,ZBTB8OS
7497,ZFP41
7498,ZNF227
7499,ZNF337
7500,ZNF407
7501,ZNF655
7502,ZNF706
7503,ZNF79
7504,ZNF839
7505,ZNG1A
7506,ZNG1B
7507,ZNG1C
7508,ZNG1E
7509,ZNG1F
7510,ADPRHL1
7511,CAPSL
7512,CRIP2
7513,DAW1
7514,MORN3
7515,MTCP1
7516,NCKIPSD
7517,PARP6
7518,PURG
7519,RNF165
7520,RSBN1L
7521,TRAPPC13
7522,XIRP2
7523,ARPC5
7524,BBOF1
7525,C12orf60
7526,CCDC66
7527,CIB3
7528,CRIP1
7529,CRYL1
7530,CSN2
7531,DVL3
7532,EIF2B3
7533,MAP3K6
7534,MATCAP2
7535,METAP1D
7536,METTL25
7537,MLF1
7538,NCKAP5
7539,NME2
7540,NME5
7541,NUDT12
7542,PHLDB3
7543,PKIG
7544,RSPH10B
7545,RSPH10B2
7546,SHTN1
7547,SNRK
7548,SPATA2L
7549,TEX55
7550,ZNF688
7551,ACTL10
7552,ARID5B
7553,CNPY3
7554,EFCC1
7555,ERF
7556,IKZF5
7557,MYO3A
7558,PPM1F
7559,RFLNB
7560,RRM1
7561,SOCS3
7562,SPATA1
7563,TANK
7564,WBP4
7565,ZC3H7B
7566,ZNF277
7567,ZNF503
7568,ADSS2
7569,AMDHD1
7570,ANKFN1
7571,ANKRD42
7572,ASH2L
7573,ATOX1
7574,ATXN7L3
7575,BAHCC1
7576,BCDIN3D
7577,CAMSAP2
7578,CCDC59
7579,CTSV
7580,ECM2
7581,EIF4B
7582,ERCC4
7583,FAM186A
7584,FAM53A
7585,FLACC1
7586,GPCPD1
7587,HDHD5
7588,ITPKA
7589,LONRF3
7590,MCTS2
7591,METAP1
7592,MICAL2
7593,NOXRED1
7594,OTUD6A
7595,PDHX
7596,RAD52
7597,RFPL1
7598,RFPL2
7599,RFPL3
7600,SERPINB4
7601,SORBS3
7602,TMEM121B
7603,TNIP3
7604,TRIM44
7605,TYW3
7606,UBE2K
7607,WIPF1
7608,XAGE2
7609,XAGE3
7610,XIAP
7611,ZNF229
7612,ZNF276
7613,ZNF571
7614,ZNF717
7615,CNDP1
7616,DMKN
7617,DQX1
7618,FAM172A
7619,IGFBP7
7620,MYH11
7621,POGZ
7622,SOCS4
7623,SUMO2
7624,SUMO3
7625,SUMO4
7626,TPD52
7627,TRIM46
7628,ZDBF2
7629,ZIC4
7630,C1orf105
7631,CTDSPL
7632,HIC2
7633,LRRC23
7634,NANS
7635,OCIAD2
7636,PIWIL3
7637,TNNC2
7638,TRIP4
7639,TSHZ2
7640,VWCE
